fecha,anio,mes,ICEN,ONI,SSN
1950-01-01,1950,1,-0.75,-1.32,143.9
1950-02-01,1950,2,-1.07,-1.2,134.3
1950-03-01,1950,3,-1.25,-1.12,155.4
1950-04-01,1950,4,-1.18,-1.08,160.6
1950-05-01,1950,5,-1.22,-1.1,150.5
1950-06-01,1950,6,-1.05,-0.9,118.3
1950-07-01,1950,7,-0.8,-0.62,128.9
1950-08-01,1950,8,-0.67,-0.57,120.6
1950-09-01,1950,9,-0.49,-0.56,72.7
1950-10-01,1950,10,-0.77,-0.62,87.0
1950-11-01,1950,11,-0.71,-0.66,77.7
1950-12-01,1950,12,-0.53,-0.79,76.7
1951-01-01,1951,1,-0.3,-0.66,85.0
1951-02-01,1951,2,-0.23,-0.36,84.8
1951-03-01,1951,3,-0.18,-0.04,79.3
1951-04-01,1951,4,0.26,0.16,131.7
1951-05-01,1951,5,1.09,0.27,153.7
1951-06-01,1951,6,1.84,0.5,142.4
1951-07-01,1951,7,2.13,0.71,87.2
1951-08-01,1951,8,1.74,0.9,86.5
1951-09-01,1951,9,1.32,1.02,117.7
1951-10-01,1951,10,1.16,1.03,73.3
1951-11-01,1951,11,1.0,0.96,74.2
1951-12-01,1951,12,0.7,0.71,65.0
1952-01-01,1952,1,0.41,0.52,57.9
1952-02-01,1952,2,0.25,0.27,32.4
1952-03-01,1952,3,-0.07,0.33,31.5
1952-04-01,1952,4,-0.28,0.18,41.7
1952-05-01,1952,5,-0.46,-0.07,33.6
1952-06-01,1952,6,-0.45,-0.44,52.0
1952-07-01,1952,7,-0.56,-0.45,56.1
1952-08-01,1952,8,-0.7,-0.2,77.8
1952-09-01,1952,9,-0.54,0.03,40.4
1952-10-01,1952,10,-0.44,0.04,34.2
1952-11-01,1952,11,-0.13,-0.11,31.8
1952-12-01,1952,12,-0.06,0.06,48.9
1953-01-01,1953,1,0.23,0.25,37.9
1953-02-01,1953,2,0.63,0.5,5.9
1953-03-01,1953,3,1.25,0.48,14.7
1953-04-01,1953,4,1.6,0.56,39.6
1953-05-01,1953,5,1.54,0.77,18.3
1953-06-01,1953,6,1.11,0.74,31.5
1953-07-01,1953,7,0.79,0.63,12.7
1953-08-01,1953,8,0.71,0.68,33.6
1953-09-01,1953,9,0.61,0.59,28.0
1953-10-01,1953,10,0.51,0.78,12.3
1953-11-01,1953,11,0.22,0.52,2.5
1953-12-01,1953,12,-0.35,0.56,3.9
1954-01-01,1954,1,-0.75,0.41,0.4
1954-02-01,1954,2,-1.0,0.35,0.8
1954-03-01,1954,3,-1.42,0.01,15.8
1954-04-01,1954,4,-1.93,-0.27,2.7
1954-05-01,1954,5,-2.23,-0.48,1.2
1954-06-01,1954,6,-2.09,-0.48,0.4
1954-07-01,1954,7,-1.7,-0.67,7.3
1954-08-01,1954,8,-1.54,-0.83,12.6
1954-09-01,1954,9,-1.31,-0.73,2.3
1954-10-01,1954,10,-1.23,-0.52,10.5
1954-11-01,1954,11,-1.13,-0.4,13.4
1954-12-01,1954,12,-0.72,-0.44,11.3
1955-01-01,1955,1,-0.65,-0.5,33.4
1955-02-01,1955,2,-0.64,-0.48,29.9
1955-03-01,1955,3,-0.79,-0.58,7.3
1955-04-01,1955,4,-1.06,-0.76,16.4
1955-05-01,1955,5,-1.16,-0.78,41.3
1955-06-01,1955,6,-1.17,-0.88,45.2
1955-07-01,1955,7,-1.01,-0.72,38.2
1955-08-01,1955,8,-0.94,-0.92,58.0
1955-09-01,1955,9,-1.11,-1.11,60.8
1955-10-01,1955,10,-1.2,-1.44,83.0
1955-11-01,1955,11,-1.26,-1.59,126.3
1955-12-01,1955,12,-1.1,-1.51,108.8
1956-01-01,1956,1,-0.93,-1.17,104.1
1956-02-01,1956,2,-0.61,-0.81,175.6
1956-03-01,1956,3,-0.51,-0.57,167.7
1956-04-01,1956,4,-0.42,-0.51,156.7
1956-05-01,1956,5,-0.41,-0.49,193.4
1956-06-01,1956,6,-0.04,-0.47,165.1
1956-07-01,1956,7,0.19,-0.55,182.7
1956-08-01,1956,8,0.08,-0.52,240.2
1956-09-01,1956,9,-0.33,-0.43,245.4
1956-10-01,1956,10,-0.54,-0.39,219.9
1956-11-01,1956,11,-0.64,-0.37,285.0
1956-12-01,1956,12,-0.83,-0.39,272.0
1957-01-01,1957,1,-0.51,-0.27,233.7
1957-02-01,1957,2,0.21,-0.06,184.5
1957-03-01,1957,3,1.18,0.26,222.8
1957-04-01,1957,4,2.05,0.63,248.0
1957-05-01,1957,5,2.53,0.72,233.0
1957-06-01,1957,6,2.81,0.82,284.3
1957-07-01,1957,7,2.38,0.96,265.1
1957-08-01,1957,8,1.92,1.03,223.7
1957-09-01,1957,9,1.47,1.12,334.0
1957-10-01,1957,10,1.25,1.15,359.4
1957-11-01,1957,11,1.16,1.39,298.6
1957-12-01,1957,12,0.97,1.62,339.0
1958-01-01,1958,1,0.82,1.69,286.7
1958-02-01,1958,2,0.77,1.59,233.6
1958-03-01,1958,3,1.01,1.17,270.0
1958-04-01,1958,4,1.05,0.84,277.6
1958-05-01,1958,5,0.95,0.57,248.2
1958-06-01,1958,6,0.77,0.49,242.9
1958-07-01,1958,7,0.56,0.43,271.0
1958-08-01,1958,8,0.35,0.32,283.5
1958-09-01,1958,9,0.22,0.28,285.1
1958-10-01,1958,10,0.22,0.3,256.9
1958-11-01,1958,11,0.19,0.36,215.6
1958-12-01,1958,12,-0.07,0.56,265.7
1959-01-01,1959,1,-0.15,0.6,307.7
1959-02-01,1959,2,0.15,0.64,202.6
1959-03-01,1959,3,0.52,0.48,263.0
1959-04-01,1959,4,0.64,0.39,231.3
1959-05-01,1959,5,0.38,0.24,243.6
1959-06-01,1959,6,0.19,0.02,238.9
1959-07-01,1959,7,-0.05,-0.19,211.9
1959-08-01,1959,8,-0.13,-0.23,282.6
1959-09-01,1959,9,-0.09,-0.04,205.6
1959-10-01,1959,10,0.28,0.11,157.7
1959-11-01,1959,11,0.41,0.23,175.6
1959-12-01,1959,12,0.36,0.14,177.1
1960-01-01,1960,1,0.14,0.02,207.2
1960-02-01,1960,2,0.15,0.03,149.9
1960-03-01,1960,3,-0.07,0.06,144.6
1960-04-01,1960,4,-0.2,0.17,172.7
1960-05-01,1960,5,-0.52,0.04,169.3
1960-06-01,1960,6,-0.55,0.0,156.0
1960-07-01,1960,7,-0.56,0.01,172.4
1960-08-01,1960,8,-0.27,0.15,190.0
1960-09-01,1960,9,-0.18,0.19,180.1
1960-10-01,1960,10,-0.05,0.08,117.3
1960-11-01,1960,11,-0.05,-0.07,126.9
1960-12-01,1960,12,0.25,-0.07,121.2
1961-01-01,1961,1,0.59,0.0,82.1
1961-02-01,1961,2,0.49,0.03,65.4
1961-03-01,1961,3,0.25,0.01,75.2
1961-04-01,1961,4,-0.14,0.05,86.9
1961-05-01,1961,5,-0.16,0.22,72.3
1961-06-01,1961,6,-0.38,0.22,109.5
1961-07-01,1961,7,-0.5,0.08,99.3
1961-08-01,1961,8,-0.61,-0.2,79.2
1961-09-01,1961,9,-0.46,-0.32,90.1
1961-10-01,1961,10,-0.29,-0.22,53.7
1961-11-01,1961,11,-0.2,-0.11,46.5
1961-12-01,1961,12,-0.12,-0.05,56.9
1962-01-01,1962,1,-0.17,-0.16,55.1
1962-02-01,1962,2,-0.6,-0.17,71.7
1962-03-01,1962,3,-1.14,-0.15,64.9
1962-04-01,1962,4,-1.34,-0.2,65.9
1962-05-01,1962,5,-1.01,-0.19,61.9
1962-06-01,1962,6,-0.63,-0.13,59.6
1962-07-01,1962,7,-0.43,0.0,31.4
1962-08-01,1962,8,-0.28,-0.1,31.5
1962-09-01,1962,9,-0.24,-0.16,72.7
1962-10-01,1962,10,-0.27,-0.25,56.1
1962-11-01,1962,11,-0.38,-0.25,38.8
1962-12-01,1962,12,-0.3,-0.32,33.2
1963-01-01,1963,1,-0.31,-0.33,28.7
1963-02-01,1963,2,-0.21,-0.17,35.2
1963-03-01,1963,3,-0.33,0.01,24.8
1963-04-01,1963,4,-0.18,0.13,41.7
1963-05-01,1963,5,-0.15,0.12,61.1
1963-06-01,1963,6,0.17,0.45,51.2
1963-07-01,1963,7,0.36,0.76,28.7
1963-08-01,1963,8,0.61,1.09,47.5
1963-09-01,1963,9,0.7,1.09,55.2
1963-10-01,1963,10,0.59,1.13,50.1
1963-11-01,1963,11,0.48,1.19,33.7
1963-12-01,1963,12,0.25,1.13,21.6
1964-01-01,1964,1,-0.14,0.95,22.6
1964-02-01,1964,2,-0.52,0.52,25.3
1964-03-01,1964,3,-0.75,0.06,24.1
1964-04-01,1964,4,-1.14,-0.35,12.9
1964-05-01,1964,5,-1.24,-0.6,14.3
1964-06-01,1964,6,-1.34,-0.66,13.5
1964-07-01,1964,7,-1.05,-0.67,4.8
1964-08-01,1964,8,-0.9,-0.7,13.8
1964-09-01,1964,9,-0.79,-0.72,7.0
1964-10-01,1964,10,-0.55,-0.8,9.2
1964-11-01,1964,11,-0.58,-0.79,11.1
1964-12-01,1964,12,-0.36,-0.75,22.1
1965-01-01,1965,1,-0.17,-0.51,25.4
1965-02-01,1965,2,0.26,-0.25,20.8
1965-03-01,1965,3,0.94,-0.04,17.5
1965-04-01,1965,4,1.62,0.16,10.2
1965-05-01,1965,5,2.1,0.47,34.5
1965-06-01,1965,6,2.03,0.79,23.3
1965-07-01,1965,7,1.93,1.1,17.3
1965-08-01,1965,8,1.59,1.27,13.3
1965-09-01,1965,9,1.35,1.55,24.5
1965-10-01,1965,10,1.04,1.7,29.1
1965-11-01,1965,11,1.03,1.82,22.8
1965-12-01,1965,12,1.01,1.6,24.7
1966-01-01,1966,1,0.64,1.24,40.3
1966-02-01,1966,2,0.02,0.95,35.3
1966-03-01,1966,3,-0.65,0.76,36.4
1966-04-01,1966,4,-1.0,0.43,69.0
1966-05-01,1966,5,-1.03,0.24,64.2
1966-06-01,1966,6,-0.93,0.18,67.7
1966-07-01,1966,7,-0.8,0.25,80.2
1966-08-01,1966,8,-0.6,0.13,72.6
1966-09-01,1966,9,-0.34,-0.09,71.1
1966-10-01,1966,10,-0.26,-0.12,81.2
1966-11-01,1966,11,-0.17,-0.23,81.0
1966-12-01,1966,12,-0.32,-0.35,99.8
1967-01-01,1967,1,-0.18,-0.46,157.0
1967-02-01,1967,2,-0.3,-0.48,132.6
1967-03-01,1967,3,-0.21,-0.5,158.3
1967-04-01,1967,4,-0.27,-0.37,98.4
1967-05-01,1967,5,-0.27,-0.15,122.5
1967-06-01,1967,6,-0.4,0.05,95.4
1967-07-01,1967,7,-0.67,-0.02,129.5
1967-08-01,1967,8,-0.95,-0.26,151.8
1967-09-01,1967,9,-1.14,-0.4,108.7
1967-10-01,1967,10,-1.24,-0.4,125.0
1967-11-01,1967,11,-1.24,-0.36,133.6
1967-12-01,1967,12,-1.21,-0.42,179.0
1968-01-01,1968,1,-1.05,-0.62,172.5
1968-02-01,1968,2,-0.95,-0.73,158.5
1968-03-01,1968,3,-1.02,-0.63,130.5
1968-04-01,1968,4,-1.2,-0.48,115.0
1968-05-01,1968,5,-1.21,-0.1,180.0
1968-06-01,1968,6,-0.89,0.17,156.2
1968-07-01,1968,7,-0.35,0.44,136.2
1968-08-01,1968,8,0.27,0.38,154.8
1968-09-01,1968,9,0.51,0.34,166.0
1968-10-01,1968,10,0.56,0.5,152.5
1968-11-01,1968,11,0.51,0.66,121.7
1968-12-01,1968,12,0.49,0.93,155.5
1969-01-01,1969,1,0.3,0.98,147.8
1969-02-01,1969,2,0.38,0.98,170.5
1969-03-01,1969,3,0.72,0.77,192.3
1969-04-01,1969,4,1.43,0.69,151.1
1969-05-01,1969,5,1.64,0.62,169.9
1969-06-01,1969,6,1.44,0.48,150.1
1969-07-01,1969,7,0.91,0.37,137.1
1969-08-01,1969,8,0.58,0.41,138.8
1969-09-01,1969,9,0.7,0.61,129.3
1969-10-01,1969,10,0.93,0.71,135.4
1969-11-01,1969,11,1.13,0.81,132.4
1969-12-01,1969,12,1.05,0.71,138.6
1970-01-01,1970,1,0.77,0.46,157.9
1970-02-01,1970,2,0.18,0.23,180.8
1970-03-01,1970,3,-0.3,0.23,145.7
1970-04-01,1970,4,-0.75,0.28,155.1
1970-05-01,1970,5,-1.0,0.11,180.5
1970-06-01,1970,6,-1.51,-0.26,151.3
1970-07-01,1970,7,-1.57,-0.55,159.3
1970-08-01,1970,8,-1.41,-0.72,131.7
1970-09-01,1970,9,-0.94,-0.69,140.8
1970-10-01,1970,10,-0.72,-0.72,122.6
1970-11-01,1970,11,-0.62,-0.78,134.8
1970-12-01,1970,12,-0.76,-1.1,118.2
1971-01-01,1971,1,-0.91,-1.29,129.2
1971-02-01,1971,2,-1.01,-1.36,111.8
1971-03-01,1971,3,-0.78,-1.08,85.9
1971-04-01,1971,4,-0.65,-0.81,101.6
1971-05-01,1971,5,-0.72,-0.72,81.5
1971-06-01,1971,6,-0.84,-0.69,70.7
1971-07-01,1971,7,-0.88,-0.68,114.7
1971-08-01,1971,8,-0.79,-0.6,87.0
1971-09-01,1971,9,-0.85,-0.68,71.3
1971-10-01,1971,10,-0.72,-0.78,73.4
1971-11-01,1971,11,-0.67,-0.86,89.5
1971-12-01,1971,12,-0.35,-0.78,116.5
1972-01-01,1972,1,0.14,-0.57,87.0
1972-02-01,1972,2,0.73,-0.27,125.3
1972-03-01,1972,3,1.04,0.04,113.5
1972-04-01,1972,4,1.11,0.25,89.6
1972-05-01,1972,5,1.47,0.48,113.9
1972-06-01,1972,6,1.93,0.7,124.7
1972-07-01,1972,7,2.45,1.0,108.3
1972-08-01,1972,8,2.25,1.26,108.9
1972-09-01,1972,9,2.06,1.49,90.7
1972-10-01,1972,10,1.7,1.69,86.9
1972-11-01,1972,11,1.94,1.84,59.2
1972-12-01,1972,12,1.91,1.77,64.3
1973-01-01,1973,1,1.58,1.55,61.8
1973-02-01,1973,2,0.8,1.13,60.9
1973-03-01,1973,3,-0.02,0.56,65.4
1973-04-01,1973,4,-0.55,-0.03,81.8
1973-05-01,1973,5,-0.93,-0.51,60.3
1973-06-01,1973,6,-0.98,-0.8,56.1
1973-07-01,1973,7,-1.1,-0.99,33.2
1973-08-01,1973,8,-1.01,-1.11,36.6
1973-09-01,1973,9,-0.94,-1.26,84.1
1973-10-01,1973,10,-0.8,-1.58,43.7
1973-11-01,1973,11,-0.77,-1.89,34.3
1973-12-01,1973,12,-0.84,-2.04,33.3
1974-01-01,1974,1,-0.85,-1.87,39.4
1974-02-01,1974,2,-0.67,-1.59,37.3
1974-03-01,1974,3,-0.39,-1.24,30.9
1974-04-01,1974,4,-0.01,-0.99,57.5
1974-05-01,1974,5,-0.03,-0.71,56.3
1974-06-01,1974,6,-0.09,-0.64,51.5
1974-07-01,1974,7,-0.22,-0.46,79.1
1974-08-01,1974,8,-0.19,-0.4,47.9
1974-09-01,1974,9,-0.37,-0.47,57.2
1974-10-01,1974,10,-0.58,-0.69,67.2
1974-11-01,1974,11,-0.88,-0.88,35.9
1974-12-01,1974,12,-0.85,-0.71,29.6
1975-01-01,1975,1,-0.83,-0.56,27.3
1975-02-01,1975,2,-0.37,-0.55,16.7
1975-03-01,1975,3,-0.02,-0.61,16.9
1975-04-01,1975,4,0.03,-0.66,7.7
1975-05-01,1975,5,-0.37,-0.8,13.1
1975-06-01,1975,6,-0.68,-0.92,16.7
1975-07-01,1975,7,-0.72,-1.08,40.4
1975-08-01,1975,8,-0.78,-1.12,56.7
1975-09-01,1975,9,-1.1,-1.29,20.3
1975-10-01,1975,10,-1.56,-1.32,13.6
1975-11-01,1975,11,-1.69,-1.47,27.9
1975-12-01,1975,12,-1.44,-1.58,11.6
1976-01-01,1976,1,-0.84,-1.49,11.9
1976-02-01,1976,2,-0.3,-1.11,6.4
1976-03-01,1976,3,0.15,-0.65,31.5
1976-04-01,1976,4,0.63,-0.45,27.3
1976-05-01,1976,5,1.23,-0.23,18.2
1976-06-01,1976,6,1.73,0.0,17.9
1976-07-01,1976,7,1.85,0.23,2.9
1976-08-01,1976,8,1.62,0.4,24.1
1976-09-01,1976,9,1.24,0.6,20.0
1976-10-01,1976,10,0.95,0.79,29.7
1976-11-01,1976,11,0.77,0.81,7.9
1976-12-01,1976,12,0.66,0.84,22.3
1977-01-01,1977,1,0.43,0.71,23.8
1977-02-01,1977,2,0.25,0.66,33.3
1977-03-01,1977,3,0.01,0.33,13.0
1977-04-01,1977,4,-0.15,0.26,19.0
1977-05-01,1977,5,-0.22,0.26,27.0
1977-06-01,1977,6,-0.18,0.46,54.9
1977-07-01,1977,7,-0.24,0.39,30.6
1977-08-01,1977,8,-0.44,0.35,43.0
1977-09-01,1977,9,-0.45,0.45,62.4
1977-10-01,1977,10,-0.34,0.68,62.1
1977-11-01,1977,11,-0.19,0.84,41.6
1977-12-01,1977,12,-0.19,0.82,61.4
1978-01-01,1978,1,-0.1,0.71,73.7
1978-02-01,1978,2,-0.21,0.52,132.6
1978-03-01,1978,3,-0.31,0.17,108.4
1978-04-01,1978,4,-0.56,-0.06,141.2
1978-05-01,1978,5,-0.58,-0.28,117.1
1978-06-01,1978,6,-0.62,-0.24,134.6
1978-07-01,1978,7,-0.73,-0.37,99.7
1978-08-01,1978,8,-0.67,-0.37,82.4
1978-09-01,1978,9,-0.69,-0.44,195.7
1978-10-01,1978,10,-0.29,-0.27,177.1
1978-11-01,1978,11,0.0,-0.07,138.5
1978-12-01,1978,12,0.35,0.11,173.9
1979-01-01,1979,1,0.25,0.19,235.9
1979-02-01,1979,2,0.13,0.21,194.7
1979-03-01,1979,3,0.15,0.29,195.3
1979-04-01,1979,4,0.33,0.32,143.7
1979-05-01,1979,5,0.54,0.29,190.3
1979-06-01,1979,6,0.42,0.14,211.7
1979-07-01,1979,7,0.38,0.09,225.7
1979-08-01,1979,8,0.43,0.22,201.4
1979-09-01,1979,9,0.65,0.34,266.9
1979-10-01,1979,10,0.68,0.47,263.6
1979-11-01,1979,11,0.48,0.5,259.5
1979-12-01,1979,12,0.22,0.64,249.6
1980-01-01,1980,1,0.11,0.62,226.1
1980-02-01,1980,2,0.24,0.47,219.4
1980-03-01,1980,3,0.34,0.35,178.7
1980-04-01,1980,4,0.37,0.34,232.2
1980-05-01,1980,5,0.22,0.45,254.7
1980-06-01,1980,6,-0.05,0.4,222.7
1980-07-01,1980,7,-0.13,0.18,192.9
1980-08-01,1980,8,-0.15,-0.06,191.7
1980-09-01,1980,9,-0.05,-0.17,219.6
1980-10-01,1980,10,-0.06,-0.07,233.3
1980-11-01,1980,11,-0.13,0.08,209.5
1980-12-01,1980,12,-0.53,-0.05,246.9
1981-01-01,1981,1,-0.74,-0.27,156.6
1981-02-01,1981,2,-0.74,-0.42,189.9
1981-03-01,1981,3,-0.48,-0.41,196.6
1981-04-01,1981,4,-0.34,-0.27,225.3
1981-05-01,1981,5,-0.38,-0.28,194.7
1981-06-01,1981,6,-0.41,-0.27,131.6
1981-07-01,1981,7,-0.55,-0.28,205.3
1981-08-01,1981,8,-0.63,-0.23,242.5
1981-09-01,1981,9,-0.56,-0.08,245.3
1981-10-01,1981,10,-0.4,-0.16,216.2
1981-11-01,1981,11,-0.24,-0.19,186.0
1981-12-01,1981,12,-0.14,-0.14,195.4
1982-01-01,1982,1,-0.17,-0.05,149.8
1982-02-01,1982,2,-0.45,0.02,230.9
1982-03-01,1982,3,-0.62,0.07,221.1
1982-04-01,1982,4,-0.45,0.34,170.3
1982-05-01,1982,5,0.0,0.65,119.3
1982-06-01,1982,6,0.45,0.73,163.7
1982-07-01,1982,7,0.8,0.78,139.4
1982-08-01,1982,8,1.16,0.99,161.9
1982-09-01,1982,9,1.58,1.45,167.4
1982-10-01,1982,10,2.26,1.82,134.3
1982-11-01,1982,11,2.83,2.03,127.5
1982-12-01,1982,12,3.11,2.12,169.0
1983-01-01,1983,1,2.85,2.14,115.5
1983-02-01,1983,2,2.63,1.91,73.1
1983-03-01,1983,3,2.87,1.52,88.7
1983-04-01,1983,4,3.48,1.23,109.6
1983-05-01,1983,5,4.13,0.95,132.5
1983-06-01,1983,6,4.32,0.62,131.5
1983-07-01,1983,7,3.99,0.25,108.9
1983-08-01,1983,8,3.0,-0.06,96.0
1983-09-01,1983,9,2.03,-0.43,69.9
1983-10-01,1983,10,1.13,-0.76,72.5
1983-11-01,1983,11,0.7,-0.96,45.7
1983-12-01,1983,12,0.24,-0.89,45.6
1984-01-01,1984,1,-0.11,-0.63,74.8
1984-02-01,1984,2,-0.38,-0.51,110.2
1984-03-01,1984,3,-0.32,-0.38,116.7
1984-04-01,1984,4,-0.39,-0.47,90.4
1984-05-01,1984,5,-0.43,-0.55,96.9
1984-06-01,1984,6,-0.54,-0.52,65.1
1984-07-01,1984,7,-0.38,-0.39,55.7
1984-08-01,1984,8,-0.12,-0.22,35.0
1984-09-01,1984,9,-0.1,-0.32,22.6
1984-10-01,1984,10,-0.02,-0.62,12.6
1984-11-01,1984,11,-0.18,-0.95,26.5
1984-12-01,1984,12,-0.27,-1.06,21.4
1985-01-01,1985,1,-0.61,-1.01,17.8
1985-02-01,1985,2,-0.69,-0.86,20.7
1985-03-01,1985,3,-0.87,-0.85,16.9
1985-04-01,1985,4,-1.03,-0.8,20.4
1985-05-01,1985,5,-1.18,-0.79,32.4
1985-06-01,1985,6,-1.16,-0.6,28.3
1985-07-01,1985,7,-0.97,-0.44,39.9
1985-08-01,1985,8,-0.9,-0.33,10.1
1985-09-01,1985,9,-0.77,-0.31,4.3
1985-10-01,1985,10,-0.69,-0.3,22.0
1985-11-01,1985,11,-0.53,-0.28,17.9
1985-12-01,1985,12,-0.26,-0.36,15.8
1986-01-01,1986,1,0.0,-0.4,2.8
1986-02-01,1986,2,-0.11,-0.38,27.9
1986-03-01,1986,3,-0.41,-0.25,13.8
1986-04-01,1986,4,-0.79,-0.17,22.4
1986-05-01,1986,5,-0.92,-0.09,16.1
1986-06-01,1986,6,-0.82,0.02,0.6
1986-07-01,1986,7,-0.5,0.24,18.1
1986-08-01,1986,8,-0.09,0.46,9.9
1986-09-01,1986,9,0.17,0.64,5.1
1986-10-01,1986,10,0.3,0.86,40.1
1986-11-01,1986,11,0.42,1.06,15.4
1986-12-01,1986,12,0.69,1.21,5.8
1987-01-01,1987,1,0.97,1.18,9.8
1987-02-01,1987,2,1.3,1.13,3.4
1987-03-01,1987,3,1.48,1.02,17.4
1987-04-01,1987,4,1.63,0.94,46.0
1987-05-01,1987,5,1.46,0.95,39.1
1987-06-01,1987,6,1.27,1.11,18.8
1987-07-01,1987,7,1.0,1.3,38.2
1987-08-01,1987,8,1.03,1.46,47.9
1987-09-01,1987,9,1.18,1.49,42.2
1987-10-01,1987,10,1.27,1.41,63.4
1987-11-01,1987,11,1.1,1.2,48.8
1987-12-01,1987,12,0.65,1.0,29.1
1988-01-01,1988,1,0.24,0.63,70.5
1988-02-01,1988,2,-0.2,0.37,45.4
1988-03-01,1988,3,-0.5,-0.03,91.2
1988-04-01,1988,4,-0.84,-0.45,108.8
1988-05-01,1988,5,-1.14,-0.99,74.2
1988-06-01,1988,6,-1.33,-1.3,124.3
1988-07-01,1988,7,-1.44,-1.3,131.4
1988-08-01,1988,8,-1.33,-1.14,139.4
1988-09-01,1988,9,-1.26,-1.27,142.7
1988-10-01,1988,10,-1.11,-1.54,156.5
1988-11-01,1988,11,-0.95,-1.81,156.8
1988-12-01,1988,12,-0.63,-1.85,231.2
1989-01-01,1989,1,-0.26,-1.64,210.1
1989-02-01,1989,2,0.0,-1.38,208.7
1989-03-01,1989,3,0.05,-1.09,170.4
1989-04-01,1989,4,-0.35,-0.85,166.3
1989-05-01,1989,5,-0.68,-0.61,195.4
1989-06-01,1989,6,-0.93,-0.4,284.5
1989-07-01,1989,7,-0.67,-0.37,180.5
1989-08-01,1989,8,-0.54,-0.36,232.0
1989-09-01,1989,9,-0.42,-0.33,225.1
1989-10-01,1989,10,-0.42,-0.25,212.2
1989-11-01,1989,11,-0.36,-0.12,238.2
1989-12-01,1989,12,-0.33,-0.04,211.4
1990-01-01,1990,1,-0.23,0.18,227.4
1990-02-01,1990,2,-0.19,0.19,171.8
1990-03-01,1990,3,-0.22,0.3,191.7
1990-04-01,1990,4,-0.27,0.27,189.7
1990-05-01,1990,5,-0.24,0.25,175.2
1990-06-01,1990,6,-0.3,0.25,153.3
1990-07-01,1990,7,-0.4,0.26,191.1
1990-08-01,1990,8,-0.48,0.32,252.1
1990-09-01,1990,9,-0.49,0.31,169.1
1990-10-01,1990,10,-0.57,0.27,199.4
1990-11-01,1990,11,-0.6,0.31,178.8
1990-12-01,1990,12,-0.54,0.34,197.1
1991-01-01,1991,1,-0.4,0.35,195.3
1991-02-01,1991,2,-0.26,0.26,240.3
1991-03-01,1991,3,-0.19,0.23,197.0
1991-04-01,1991,4,-0.16,0.29,197.6
1991-05-01,1991,5,-0.03,0.49,166.9
1991-06-01,1991,6,0.28,0.63,224.7
1991-07-01,1991,7,0.47,0.77,240.2
1991-08-01,1991,8,0.53,0.67,240.8
1991-09-01,1991,9,0.51,0.72,168.9
1991-10-01,1991,10,0.58,0.83,197.1
1991-11-01,1991,11,0.65,1.18,159.5
1991-12-01,1991,12,0.62,1.43,212.6
1992-01-01,1992,1,0.67,1.54,198.3
1992-02-01,1992,2,0.89,1.5,230.7
1992-03-01,1992,3,1.45,1.4,151.0
1992-04-01,1992,4,1.99,1.3,142.2
1992-05-01,1992,5,1.86,1.08,94.3
1992-06-01,1992,6,1.12,0.72,98.5
1992-07-01,1992,7,0.29,0.35,114.2
1992-08-01,1992,8,-0.01,0.08,91.9
1992-09-01,1992,9,-0.01,-0.15,94.0
1992-10-01,1992,10,-0.04,-0.22,133.4
1992-11-01,1992,11,-0.14,-0.24,129.6
1992-12-01,1992,12,-0.11,-0.05,122.0
1993-01-01,1993,1,0.1,0.13,81.4
1993-02-01,1993,2,0.41,0.31,127.8
1993-03-01,1993,3,0.82,0.5,102.4
1993-04-01,1993,4,1.11,0.73,94.4
1993-05-01,1993,5,1.26,0.76,78.8
1993-06-01,1993,6,1.08,0.56,69.6
1993-07-01,1993,7,0.85,0.28,80.4
1993-08-01,1993,8,0.6,0.22,62.5
1993-09-01,1993,9,0.52,0.2,31.2
1993-10-01,1993,10,0.38,0.2,71.1
1993-11-01,1993,11,0.21,0.2,48.2
1993-12-01,1993,12,0.03,0.19,68.4
1994-01-01,1994,1,-0.1,0.07,84.9
1994-02-01,1994,2,-0.36,0.0,54.9
1994-03-01,1994,3,-0.76,0.04,47.5
1994-04-01,1994,4,-1.0,0.17,27.4
1994-05-01,1994,5,-0.97,0.25,29.8
1994-06-01,1994,6,-0.83,0.23,39.7
1994-07-01,1994,7,-0.86,0.3,50.6
1994-08-01,1994,8,-0.63,0.3,34.3
1994-09-01,1994,9,-0.11,0.47,40.5
1994-10-01,1994,10,0.38,0.66,67.1
1994-11-01,1994,11,0.67,0.93,29.5
1994-12-01,1994,12,0.68,0.97,32.2
1995-01-01,1995,1,0.6,0.88,32.6
1995-02-01,1995,2,0.23,0.65,45.8
1995-03-01,1995,3,-0.54,0.46,46.3
1995-04-01,1995,4,-1.04,0.19,21.6
1995-05-01,1995,5,-1.18,0.03,19.4
1995-06-01,1995,6,-0.86,-0.11,22.5
1995-07-01,1995,7,-0.57,-0.3,20.4
1995-08-01,1995,8,-0.38,-0.55,18.2
1995-09-01,1995,9,-0.4,-0.81,15.7
1995-10-01,1995,10,-0.41,-0.97,30.6
1995-11-01,1995,11,-0.64,-1.05,14.0
1995-12-01,1995,12,-0.66,-1.01,14.9
1996-01-01,1996,1,-0.65,-0.88,13.3
1996-02-01,1996,2,-0.42,-0.7,7.7
1996-03-01,1996,3,-0.82,-0.52,12.6
1996-04-01,1996,4,-1.13,-0.36,6.8
1996-05-01,1996,5,-1.64,-0.25,7.6
1996-06-01,1996,6,-1.43,-0.24,16.5
1996-07-01,1996,7,-1.3,-0.22,11.8
1996-08-01,1996,8,-0.92,-0.27,19.7
1996-09-01,1996,9,-0.76,-0.3,3.0
1996-10-01,1996,10,-0.84,-0.33,0.7
1996-11-01,1996,11,-1.03,-0.39,24.9
1996-12-01,1996,12,-1.08,-0.41,14.0
1997-01-01,1997,1,-0.74,-0.41,7.4
1997-02-01,1997,2,-0.14,-0.26,11.0
1997-03-01,1997,3,0.48,-0.03,12.1
1997-04-01,1997,4,1.29,0.3,23.0
1997-05-01,1997,5,2.12,0.71,25.4
1997-06-01,1997,6,3.02,1.13,20.8
1997-07-01,1997,7,3.57,1.48,12.9
1997-08-01,1997,8,3.85,1.79,35.7
1997-09-01,1997,9,3.85,2.04,59.7
1997-10-01,1997,10,4.01,2.24,32.8
1997-11-01,1997,11,4.08,2.34,50.4
1997-12-01,1997,12,4.06,2.37,55.5
1998-01-01,1998,1,3.49,2.22,44.5
1998-02-01,1998,2,3.03,1.91,50.2
1998-03-01,1998,3,2.76,1.4,82.0
1998-04-01,1998,4,2.81,1.03,70.6
1998-05-01,1998,5,2.66,0.4,74.0
1998-06-01,1998,6,2.22,-0.08,90.5
1998-07-01,1998,7,1.58,-0.63,96.7
1998-08-01,1998,8,0.87,-0.83,121.1
1998-09-01,1998,9,0.49,-1.02,132.0
1998-10-01,1998,10,0.11,-1.12,78.5
1998-11-01,1998,11,-0.05,-1.31,97.3
1998-12-01,1998,12,-0.4,-1.47,119.2
1999-01-01,1999,1,-0.49,-1.51,86.0
1999-02-01,1999,2,-0.4,-1.25,98.0
1999-03-01,1999,3,-0.42,-0.93,103.5
1999-04-01,1999,4,-0.44,-0.8,93.6
1999-05-01,1999,5,-0.67,-0.79,149.6
1999-06-01,1999,6,-0.46,-0.84,207.2
1999-07-01,1999,7,-0.32,-0.9,173.5
1999-08-01,1999,8,-0.46,-0.94,142.3
1999-09-01,1999,9,-0.69,-1.0,106.3
1999-10-01,1999,10,-1.08,-1.13,168.7
1999-11-01,1999,11,-0.96,-1.35,188.3
1999-12-01,1999,12,-0.91,-1.53,116.8
2000-01-01,2000,1,-0.66,-1.47,133.1
2000-02-01,2000,2,-0.56,-1.26,165.7
2000-03-01,2000,3,-0.3,-0.98,217.7
2000-04-01,2000,4,-0.21,-0.81,191.5
2000-05-01,2000,5,-0.16,-0.67,165.9
2000-06-01,2000,6,-0.25,-0.62,188.0
2000-07-01,2000,7,-0.37,-0.48,244.3
2000-08-01,2000,8,-0.36,-0.4,180.5
2000-09-01,2000,9,-0.37,-0.42,156.0
2000-10-01,2000,10,-0.59,-0.54,141.6
2000-11-01,2000,11,-0.86,-0.76,158.1
2000-12-01,2000,12,-0.95,-0.78,143.3
2001-01-01,2001,1,-0.68,-0.76,142.6
2001-02-01,2001,2,-0.25,-0.54,121.5
2001-03-01,2001,3,0.02,-0.43,165.8
2001-04-01,2001,4,-0.05,-0.29,161.7
2001-05-01,2001,5,-0.39,-0.19,142.1
2001-06-01,2001,6,-0.67,-0.08,202.9
2001-07-01,2001,7,-0.75,-0.05,123.0
2001-08-01,2001,8,-0.88,-0.13,161.5
2001-09-01,2001,9,-1.07,-0.15,238.2
2001-10-01,2001,10,-1.09,-0.26,194.1
2001-11-01,2001,11,-1.04,-0.33,176.6
2001-12-01,2001,12,-0.89,-0.32,213.4
2002-01-01,2002,1,-0.59,-0.15,184.6
2002-02-01,2002,2,0.04,0.07,170.2
2002-03-01,2002,3,0.57,0.11,147.1
2002-04-01,2002,4,0.81,0.15,186.9
2002-05-01,2002,5,0.67,0.3,187.5
2002-06-01,2002,6,0.3,0.45,128.8
2002-07-01,2002,7,-0.03,0.57,161.0
2002-08-01,2002,8,-0.12,0.63,175.6
2002-09-01,2002,9,0.07,0.78,187.9
2002-10-01,2002,10,0.48,0.99,151.2
2002-11-01,2002,11,0.79,1.19,147.2
2002-12-01,2002,12,0.74,1.08,135.3
2003-01-01,2003,1,0.4,0.9,133.5
2003-02-01,2003,2,0.04,0.59,75.7
2003-03-01,2003,3,-0.19,0.38,100.7
2003-04-01,2003,4,-0.69,-0.01,97.9
2003-05-01,2003,5,-1.12,-0.18,86.8
2003-06-01,2003,6,-1.3,-0.13,118.7
2003-07-01,2003,7,-0.78,0.09,128.3
2003-08-01,2003,8,-0.51,0.14,115.4
2003-09-01,2003,9,-0.1,0.23,78.5
2003-10-01,2003,10,-0.01,0.23,97.8
2003-11-01,2003,11,0.22,0.29,82.9
2003-12-01,2003,12,0.1,0.29,72.2
2004-01-01,2004,1,0.02,0.34,60.6
2004-02-01,2004,2,-0.27,0.27,74.6
2004-03-01,2004,3,-0.39,0.19,74.8
2004-04-01,2004,4,-0.89,0.1,59.2
2004-05-01,2004,5,-1.01,0.12,72.8
2004-06-01,2004,6,-1.11,0.22,66.5
2004-07-01,2004,7,-0.86,0.39,83.8
2004-08-01,2004,8,-0.62,0.54,69.7
2004-09-01,2004,9,-0.32,0.58,48.8
2004-10-01,2004,10,0.16,0.61,74.2
2004-11-01,2004,11,0.38,0.64,70.1
2004-12-01,2004,12,0.36,0.71,28.9
2005-01-01,2005,1,-0.17,0.62,48.1
2005-02-01,2005,2,-0.74,0.55,43.5
2005-03-01,2005,3,-0.88,0.4,39.6
2005-04-01,2005,4,-0.68,0.37,38.7
2005-05-01,2005,5,-0.46,0.27,61.9
2005-06-01,2005,6,-0.46,0.09,56.8
2005-07-01,2005,7,-0.5,-0.04,62.4
2005-08-01,2005,8,-0.52,-0.14,60.5
2005-09-01,2005,9,-0.84,-0.11,37.2
2005-10-01,2005,10,-1.18,-0.27,13.2
2005-11-01,2005,11,-1.23,-0.57,27.5
2005-12-01,2005,12,-0.92,-0.82,59.3
2006-01-01,2006,1,-0.37,-0.86,20.9
2006-02-01,2006,2,-0.15,-0.8,5.7
2006-03-01,2006,3,-0.52,-0.63,17.3
2006-04-01,2006,4,-0.78,-0.45,50.3
2006-05-01,2006,5,-0.76,-0.19,37.2
2006-06-01,2006,6,-0.19,-0.05,24.5
2006-07-01,2006,7,0.23,0.12,22.2
2006-08-01,2006,8,0.62,0.33,20.8
2006-09-01,2006,9,0.91,0.54,23.7
2006-10-01,2006,10,0.94,0.71,14.9
2006-11-01,2006,11,0.86,0.88,35.7
2006-12-01,2006,12,0.72,0.88,22.3
2007-01-01,2007,1,0.5,0.62,29.3
2007-02-01,2007,2,0.05,0.19,18.4
2007-03-01,2007,3,-0.59,-0.12,7.2
2007-04-01,2007,4,-1.22,-0.32,5.4
2007-05-01,2007,5,-1.54,-0.34,19.5
2007-06-01,2007,6,-1.46,-0.41,21.3
2007-07-01,2007,7,-1.26,-0.49,15.1
2007-08-01,2007,8,-1.05,-0.77,9.8
2007-09-01,2007,9,-1.23,-1.05,4.0
2007-10-01,2007,10,-1.41,-1.38,1.5
2007-11-01,2007,11,-1.64,-1.57,2.8
2007-12-01,2007,12,-1.29,-1.72,17.3
2008-01-01,2008,1,-0.64,-1.76,4.1
2008-02-01,2008,2,0.04,-1.61,2.9
2008-03-01,2008,3,0.34,-1.37,15.5
2008-04-01,2008,4,0.44,-1.05,3.6
2008-05-01,2008,5,0.5,-0.85,4.6
2008-06-01,2008,6,0.69,-0.56,5.2
2008-07-01,2008,7,0.98,-0.33,0.6
2008-08-01,2008,8,1.13,-0.2,0.3
2008-09-01,2008,9,0.92,-0.25,1.2
2008-10-01,2008,10,0.37,-0.36,4.2
2008-11-01,2008,11,-0.12,-0.57,6.6
2008-12-01,2008,12,-0.3,-0.79,1.0
2009-01-01,2009,1,-0.43,-0.89,1.3
2009-02-01,2009,2,-0.55,-0.84,1.2
2009-03-01,2009,3,-0.36,-0.63,0.6
2009-04-01,2009,4,-0.02,-0.35,1.2
2009-05-01,2009,5,0.47,0.03,2.9
2009-06-01,2009,6,0.58,0.34,6.3
2009-07-01,2009,7,0.75,0.5,5.5
2009-08-01,2009,8,0.7,0.56,0.0
2009-09-01,2009,9,0.56,0.66,7.1
2009-10-01,2009,10,0.39,0.92,7.7
2009-11-01,2009,11,0.42,1.31,6.9
2009-12-01,2009,12,0.41,1.5,16.3
2010-01-01,2010,1,0.35,1.47,19.5
2010-02-01,2010,2,0.18,1.21,28.5
2010-03-01,2010,3,0.05,0.88,24.0
2010-04-01,2010,4,0.09,0.38,10.4
2010-05-01,2010,5,0.07,-0.16,13.9
2010-06-01,2010,6,-0.24,-0.66,18.8
2010-07-01,2010,7,-0.75,-0.98,25.2
2010-08-01,2010,8,-1.16,-1.24,29.6
2010-09-01,2010,9,-1.24,-1.43,36.4
2010-10-01,2010,10,-1.25,-1.54,33.6
2010-11-01,2010,11,-1.13,-1.57,34.4
2010-12-01,2010,12,-0.88,-1.48,24.5
2011-01-01,2011,1,-0.5,-1.29,27.3
2011-02-01,2011,2,-0.5,-1.06,48.3
2011-03-01,2011,3,-0.4,-0.85,78.6
2011-04-01,2011,4,-0.31,-0.68,76.1
2011-05-01,2011,5,0.08,-0.5,58.2
2011-06-01,2011,6,0.18,-0.34,56.1
2011-07-01,2011,7,0.08,-0.37,64.5
2011-08-01,2011,8,-0.28,-0.5,65.8
2011-09-01,2011,9,-0.59,-0.76,120.1
2011-10-01,2011,10,-0.71,-0.94,125.7
2011-11-01,2011,11,-0.67,-1.02,139.1
2011-12-01,2011,12,-0.46,-0.92,109.3
2012-01-01,2012,1,-0.15,-0.71,94.4
2012-02-01,2012,2,0.11,-0.56,47.8
2012-03-01,2012,3,0.47,-0.44,86.6
2012-04-01,2012,4,0.65,-0.35,85.9
2012-05-01,2012,5,0.94,-0.18,96.5
2012-06-01,2012,6,0.77,0.03,92.0
2012-07-01,2012,7,0.5,0.28,100.1
2012-08-01,2012,8,0.18,0.39,94.8
2012-09-01,2012,9,-0.07,0.37,93.7
2012-10-01,2012,10,-0.23,0.28,76.5
2012-11-01,2012,11,-0.53,0.13,87.6
2012-12-01,2012,12,-0.63,-0.03,56.8
2013-01-01,2013,1,-0.73,-0.24,96.1
2013-02-01,2013,2,-0.67,-0.28,60.9
2013-03-01,2013,3,-0.85,-0.23,78.3
2013-04-01,2013,4,-1.13,-0.2,107.3
2013-05-01,2013,5,-1.54,-0.3,120.2
2013-06-01,2013,6,-1.66,-0.38,76.7
2013-07-01,2013,7,-1.52,-0.45,86.2
2013-08-01,2013,8,-1.15,-0.34,91.8
2013-09-01,2013,9,-0.86,-0.32,54.5
2013-10-01,2013,10,-0.66,-0.14,114.4
2013-11-01,2013,11,-0.55,-0.12,113.9
2013-12-01,2013,12,-0.31,-0.11,124.2
2014-01-01,2014,1,-0.33,-0.24,117.0
2014-02-01,2014,2,-0.29,-0.21,146.1
2014-03-01,2014,3,-0.3,-0.02,128.7
2014-04-01,2014,4,0.25,0.25,112.5
2014-05-01,2014,5,0.87,0.35,112.5
2014-06-01,2014,6,1.21,0.22,102.9
2014-07-01,2014,7,1.15,0.07,100.2
2014-08-01,2014,8,0.9,0.07,106.9
2014-09-01,2014,9,0.81,0.24,130.0
2014-10-01,2014,10,0.77,0.51,90.0
2014-11-01,2014,11,0.65,0.7,103.6
2014-12-01,2014,12,0.37,0.8,112.9
2015-01-01,2015,1,-0.06,0.73,93.0
2015-02-01,2015,2,-0.18,0.65,66.7
2015-03-01,2015,3,0.2,0.72,54.5
2015-04-01,2015,4,0.88,0.86,75.3
2015-05-01,2015,5,1.6,1.04,88.8
2015-06-01,2015,6,2.1,1.19,66.5
2015-07-01,2015,7,2.13,1.44,65.8
2015-08-01,2015,8,2.15,1.73,64.4
2015-09-01,2015,9,2.02,2.02,78.6
2015-10-01,2015,10,2.23,2.28,63.6
2015-11-01,2015,11,2.21,2.45,62.2
2015-12-01,2015,12,2.06,2.59,58.0
2016-01-01,2016,1,1.75,2.5,57.0
2016-02-01,2016,2,1.45,2.21,56.4
2016-03-01,2016,3,1.05,1.69,54.1
2016-04-01,2016,4,0.77,1.11,37.9
2016-05-01,2016,5,0.51,0.57,51.5
2016-06-01,2016,6,0.42,0.09,20.5
2016-07-01,2016,7,0.34,-0.19,32.4
2016-08-01,2016,8,0.35,-0.34,50.2
2016-09-01,2016,9,0.36,-0.42,44.6
2016-10-01,2016,10,0.31,-0.51,33.4
2016-11-01,2016,11,0.25,-0.49,21.4
2016-12-01,2016,12,0.47,-0.37,18.5
2017-01-01,2017,1,0.89,-0.08,26.1
2017-02-01,2017,2,1.29,0.08,26.4
2017-03-01,2017,3,1.31,0.27,17.7
2017-04-01,2017,4,0.92,0.32,32.3
2017-05-01,2017,5,0.31,0.35,18.9
2017-06-01,2017,6,-0.13,0.32,19.2
2017-07-01,2017,7,-0.32,0.14,17.8
2017-08-01,2017,8,-0.52,-0.07,32.6
2017-09-01,2017,9,-0.69,-0.23,43.7
2017-10-01,2017,10,-0.97,-0.44,13.2
2017-11-01,2017,11,-1.21,-0.61,5.7
2017-12-01,2017,12,-1.3,-0.76,8.2
2018-01-01,2018,1,-1.25,-0.71,6.8
2018-02-01,2018,2,-1.21,-0.67,10.7
2018-03-01,2018,3,-1.16,-0.55,2.5
2018-04-01,2018,4,-1.07,-0.35,8.9
2018-05-01,2018,5,-0.84,-0.07,13.1
2018-06-01,2018,6,-0.61,0.13,15.6
2018-07-01,2018,7,-0.46,0.2,1.6
2018-08-01,2018,8,-0.24,0.3,8.7
2018-09-01,2018,9,-0.09,0.52,3.3
2018-10-01,2018,10,0.27,0.82,4.9
2018-11-01,2018,11,0.63,1.04,4.9
2018-12-01,2018,12,0.87,1.05,3.1
2019-01-01,2019,1,0.78,0.99,7.7
2019-02-01,2019,2,0.49,0.94,0.8
2019-03-01,2019,3,0.31,0.87,9.4
2019-04-01,2019,4,0.21,0.82,9.1
2019-05-01,2019,5,0.05,0.71,9.9
2019-06-01,2019,6,-0.28,0.59,1.2
2019-07-01,2019,7,-0.6,0.38,0.9
2019-08-01,2019,8,-0.72,0.2,0.5
2019-09-01,2019,9,-0.74,0.31,1.1
2019-10-01,2019,10,-0.53,0.51,0.4
2019-11-01,2019,11,-0.3,0.72,0.5
2019-12-01,2019,12,-0.18,0.75,1.5
2020-01-01,2020,1,-0.14,0.71,6.2
2020-02-01,2020,2,-0.14,0.66,0.2
2020-03-01,2020,3,0.07,0.57,1.5
2020-04-01,2020,4,0.02,0.33,5.2
2020-05-01,2020,5,-0.2,0.04,0.2
2020-06-01,2020,6,-0.72,-0.18,5.8
2020-07-01,2020,7,-1.02,-0.29,6.1
2020-08-01,2020,8,-1.19,-0.43,7.5
2020-09-01,2020,9,-1.02,-0.77,0.6
2020-10-01,2020,10,-0.91,-1.0,14.6
2020-11-01,2020,11,-0.76,-1.11,34.5
2020-12-01,2020,12,-0.79,-1.06,23.1
2021-01-01,2021,1,-0.84,-0.99,10.4
2021-02-01,2021,2,-0.83,-0.85,8.2
2021-03-01,2021,3,-0.86,-0.74,17.2
2021-04-01,2021,4,-0.83,-0.56,24.5
2021-05-01,2021,5,-0.7,-0.4,21.2
2021-06-01,2021,6,-0.46,-0.31,25.0
2021-07-01,2021,7,-0.3,-0.35,34.3
2021-08-01,2021,8,-0.41,-0.46,22.0
2021-09-01,2021,9,-0.62,-0.64,51.3
2021-10-01,2021,10,-0.9,-0.77,37.4
2021-11-01,2021,11,-1.23,-0.91,34.8
2021-12-01,2021,12,-1.31,-0.83,67.5
2022-01-01,2022,1,-1.46,-0.76,55.3
2022-02-01,2022,2,-1.14,-0.68,60.9
2022-03-01,2022,3,-1.24,-0.77,78.6
2022-04-01,2022,4,-1.26,-0.86,84.0
2022-05-01,2022,5,-1.51,-0.83,96.5
2022-06-01,2022,6,-1.44,-0.73,70.3
2022-07-01,2022,7,-1.09,-0.7,91.4
2022-08-01,2022,8,-0.93,-0.78,74.6
2022-09-01,2022,9,-1.12,-0.87,96.0
2022-10-01,2022,10,-1.3,-0.89,95.5
2022-11-01,2022,11,-1.1,-0.82,80.5
2022-12-01,2022,12,-0.7,-0.7,112.8
2023-01-01,2023,1,-0.17,-0.55,144.4
2023-02-01,2023,2,0.47,-0.33,111.3
2023-03-01,2023,3,1.53,-0.11,123.3
2023-04-01,2023,4,2.11,0.19,97.6
2023-05-01,2023,5,2.45,0.46,137.4
2023-06-01,2023,6,2.57,0.73,160.5
2023-07-01,2023,7,2.92,1.0,160.0
2023-08-01,2023,8,2.9,1.25,114.8
2023-09-01,2023,9,2.68,1.5,134.2
2023-10-01,2023,10,2.28,1.74,99.9
2023-11-01,2023,11,2.01,1.9,107.1
2023-12-01,2023,12,1.67,1.99,113.5
2024-01-01,2024,1,1.34,1.84,126.0
2024-02-01,2024,2,0.88,1.53,123.0
2024-03-01,2024,3,0.38,1.18,103.7
2024-04-01,2024,4,-0.38,0.77,137.0
2024-05-01,2024,5,-0.78,0.43,172.1
2024-06-01,2024,6,-0.97,0.18,164.1
2024-07-01,2024,7,-0.72,0.06,196.8
2024-08-01,2024,8,-0.65,-0.04,216.0
2024-09-01,2024,9,-0.5,-0.12,141.1
2024-10-01,2024,10,-0.34,-0.19,165.8
2024-11-01,2024,11,-0.1,-0.29,154.1
2024-12-01,2024,12,-0.11,-0.43,154.6
2025-01-01,2025,1,0.0,-0.46,137.0
2025-02-01,2025,2,0.45,-0.22,155.7
2025-03-01,2025,3,0.72,-0.08,134.2
2025-04-01,2025,4,0.46,0.02,141.4
2025-05-01,2025,5,0.18,-0.04,78.5
2025-06-01,2025,6,0.11,-0.02,114.6
2025-07-01,2025,7,0.17,-0.11,125.9
2025-08-01,2025,8,-0.01,-0.26,133.7
2025-09-01,2025,9,-0.22,-0.43,129.7
2025-10-01,2025,10,-0.42,-0.57,114.8
2025-11-01,2025,11,-0.5,-0.61,91.7
2025-12-01,2025,12,-0.51,-0.6,124.2
2026-01-01,2026,1,-0.06,-0.39,115.0
2026-02-01,2026,2,0.42,-0.21,77.4
2026-03-01,2026,3,0.96,0.11,86.6
2026-04-01,2026,4,1.34,0.46,79.3
2026-05-01,2026,5,1.98,0.95,101.5
