fecha,anio,mes,ICEN,ONI,SSN,precipitacion_mm
1950-01-01,1950,1,-0.75,-1.32,143.9,155.30981700861688
1950-02-01,1950,2,-1.07,-1.2,134.3,164.95582490201986
1950-03-01,1950,3,-1.25,-1.12,155.4,158.18062280836196
1950-04-01,1950,4,-1.18,-1.08,160.6,221.6879901033668
1950-05-01,1950,5,-1.22,-1.1,150.5,123.80281944738002
1950-06-01,1950,6,-1.05,-0.9,118.3,116.7611032972076
1950-07-01,1950,7,-0.8,-0.62,128.9,91.29759118505278
1950-08-01,1950,8,-0.67,-0.57,120.6,68.11875926940019
1950-09-01,1950,9,-0.49,-0.56,72.7,122.30801657896048
1950-10-01,1950,10,-0.77,-0.62,87.0,112.07840367373126
1950-11-01,1950,11,-0.71,-0.66,77.7,69.77987497436122
1950-12-01,1950,12,-0.53,-0.79,76.7,100.61187758812116
1951-01-01,1951,1,-0.3,-0.66,85.0,90.78907839411166
1951-02-01,1951,2,-0.23,-0.36,84.8,156.50803973253775
1951-03-01,1951,3,-0.18,-0.04,79.3,139.46403382053123
1951-04-01,1951,4,0.26,0.16,131.7,221.4488751969084
1951-05-01,1951,5,1.09,0.27,153.7,103.33028047805912
1951-06-01,1951,6,1.84,0.5,142.4,95.5464825728163
1951-07-01,1951,7,2.13,0.71,87.2,60.98633254581648
1951-08-01,1951,8,1.74,0.9,86.5,75.43634618487927
1951-09-01,1951,9,1.32,1.02,117.7,83.38715728489117
1951-10-01,1951,10,1.16,1.03,73.3,127.17908404328958
1951-11-01,1951,11,1.0,0.96,74.2,114.50314668561494
1951-12-01,1951,12,0.7,0.71,65.0,194.9625961941944
1952-01-01,1952,1,0.41,0.52,57.9,200.9024975454265
1952-02-01,1952,2,0.25,0.27,32.4,185.6078011919525
1952-03-01,1952,3,-0.07,0.33,31.5,253.95759746167
1952-04-01,1952,4,-0.28,0.18,41.7,232.96549641914208
1952-05-01,1952,5,-0.46,-0.07,33.6,137.39275742434128
1952-06-01,1952,6,-0.45,-0.44,52.0,113.76436655825928
1952-07-01,1952,7,-0.56,-0.45,56.1,73.63325905824213
1952-08-01,1952,8,-0.7,-0.2,77.8,54.541138984221824
1952-09-01,1952,9,-0.54,0.03,40.4,88.32860683449952
1952-10-01,1952,10,-0.44,0.04,34.2,119.53359430147007
1952-11-01,1952,11,-0.13,-0.11,31.8,109.61886753051732
1952-12-01,1952,12,-0.06,0.06,48.9,95.39524188259416
1953-01-01,1953,1,0.23,0.25,37.9,191.6055956669316
1953-02-01,1953,2,0.63,0.5,5.9,266.03601341928845
1953-03-01,1953,3,1.25,0.48,14.7,321.5273647468734
1953-04-01,1953,4,1.6,0.56,39.6,311.98620390033267
1953-05-01,1953,5,1.54,0.77,18.3,152.8235542187827
1953-06-01,1953,6,1.11,0.74,31.5,104.78510198787308
1953-07-01,1953,7,0.79,0.63,12.7,81.19130065782616
1953-08-01,1953,8,0.71,0.68,33.6,70.1745867105147
1953-09-01,1953,9,0.61,0.59,28.0,129.08625415669832
1953-10-01,1953,10,0.51,0.78,12.3,118.24703616959484
1953-11-01,1953,11,0.22,0.52,2.5,131.35581413349294
1953-12-01,1953,12,-0.35,0.56,3.9,62.64856269636099
1954-01-01,1954,1,-0.75,0.41,0.4,187.07608208857425
1954-02-01,1954,2,-1.0,0.35,0.8,110.31134583719944
1954-03-01,1954,3,-1.42,0.01,15.8,268.0364492236573
1954-04-01,1954,4,-1.93,-0.27,2.7,184.1337489593872
1954-05-01,1954,5,-2.23,-0.48,1.2,96.27727254314554
1954-06-01,1954,6,-2.09,-0.48,0.4,79.5603826213314
1954-07-01,1954,7,-1.7,-0.67,7.3,71.68993482961599
1954-08-01,1954,8,-1.54,-0.83,12.6,33.78617175620973
1954-09-01,1954,9,-1.31,-0.73,2.3,56.72781322553495
1954-10-01,1954,10,-1.23,-0.52,10.5,146.2928727686688
1954-11-01,1954,11,-1.13,-0.4,13.4,106.75342381409702
1954-12-01,1954,12,-0.72,-0.44,11.3,134.74546368938178
1955-01-01,1955,1,-0.65,-0.5,33.4,155.67307198663593
1955-02-01,1955,2,-0.64,-0.48,29.9,232.3053772120788
1955-03-01,1955,3,-0.79,-0.58,7.3,252.0757220862302
1955-04-01,1955,4,-1.06,-0.76,16.4,140.88161412570662
1955-05-01,1955,5,-1.16,-0.78,41.3,119.66782611531735
1955-06-01,1955,6,-1.17,-0.88,45.2,66.04317243819204
1955-07-01,1955,7,-1.01,-0.72,38.2,86.71586468094284
1955-08-01,1955,8,-0.94,-0.92,58.0,47.796246078833455
1955-09-01,1955,9,-1.11,-1.11,60.8,62.71260012190892
1955-10-01,1955,10,-1.2,-1.44,83.0,100.39432911741748
1955-11-01,1955,11,-1.26,-1.59,126.3,125.43203572188844
1955-12-01,1955,12,-1.1,-1.51,108.8,73.72437129625602
1956-01-01,1956,1,-0.93,-1.17,104.1,166.02871862387565
1956-02-01,1956,2,-0.61,-0.81,175.6,239.11105851052596
1956-03-01,1956,3,-0.51,-0.57,167.7,275.55857617403217
1956-04-01,1956,4,-0.42,-0.51,156.7,227.1794851135865
1956-05-01,1956,5,-0.41,-0.49,193.4,124.5433689140596
1956-06-01,1956,6,-0.04,-0.47,165.1,94.91124065640916
1956-07-01,1956,7,0.19,-0.55,182.7,117.8319002728412
1956-08-01,1956,8,0.08,-0.52,240.2,72.71818637311046
1956-09-01,1956,9,-0.33,-0.43,245.4,86.60337405059461
1956-10-01,1956,10,-0.54,-0.39,219.9,169.53433153380936
1956-11-01,1956,11,-0.64,-0.37,285.0,65.18768567432276
1956-12-01,1956,12,-0.83,-0.39,272.0,103.6522086816499
1957-01-01,1957,1,-0.51,-0.27,233.7,152.02043652736563
1957-02-01,1957,2,0.21,-0.06,184.5,303.34472168162915
1957-03-01,1957,3,1.18,0.26,222.8,322.3093912785364
1957-04-01,1957,4,2.05,0.63,248.0,300.3464243812578
1957-05-01,1957,5,2.53,0.72,233.0,150.2563880929221
1957-06-01,1957,6,2.81,0.82,284.3,90.09671140539102
1957-07-01,1957,7,2.38,0.96,265.1,49.37884245413689
1957-08-01,1957,8,1.92,1.03,223.7,44.65590859593348
1957-09-01,1957,9,1.47,1.12,334.0,56.32660570253741
1957-10-01,1957,10,1.25,1.15,359.4,153.3544097390788
1957-11-01,1957,11,1.16,1.39,298.6,174.23368743681735
1957-12-01,1957,12,0.97,1.62,339.0,157.9899532555865
1958-01-01,1958,1,0.82,1.69,286.7,202.4222122422766
1958-02-01,1958,2,0.77,1.59,233.6,238.2865564478924
1958-03-01,1958,3,1.01,1.17,270.0,310.2080106084295
1958-04-01,1958,4,1.05,0.84,277.6,223.8906813286069
1958-05-01,1958,5,0.95,0.57,248.2,137.68547582115195
1958-06-01,1958,6,0.77,0.49,242.9,58.70297203499136
1958-07-01,1958,7,0.56,0.43,271.0,60.68221814290603
1958-08-01,1958,8,0.35,0.32,283.5,53.96042505406248
1958-09-01,1958,9,0.22,0.28,285.1,77.6263247404488
1958-10-01,1958,10,0.22,0.3,256.9,169.61752673725212
1958-11-01,1958,11,0.19,0.36,215.6,115.7571223804786
1958-12-01,1958,12,-0.07,0.56,265.7,184.81197400440385
1959-01-01,1959,1,-0.15,0.6,307.7,136.10212155796685
1959-02-01,1959,2,0.15,0.64,202.6,220.08461750762723
1959-03-01,1959,3,0.52,0.48,263.0,297.2547786371917
1959-04-01,1959,4,0.64,0.39,231.3,227.37865868387013
1959-05-01,1959,5,0.38,0.24,243.6,112.12238168821196
1959-06-01,1959,6,0.19,0.02,238.9,75.77280782272923
1959-07-01,1959,7,-0.05,-0.19,211.9,51.1298386405938
1959-08-01,1959,8,-0.13,-0.23,282.6,45.71429564020178
1959-09-01,1959,9,-0.09,-0.04,205.6,60.22592164921096
1959-10-01,1959,10,0.28,0.11,157.7,111.63288844140328
1959-11-01,1959,11,0.41,0.23,175.6,100.66226981047969
1959-12-01,1959,12,0.36,0.14,177.1,196.79742387155815
1960-01-01,1960,1,0.14,0.02,207.2,159.4935429129331
1960-02-01,1960,2,0.15,0.03,149.9,191.7698632264764
1960-03-01,1960,3,-0.07,0.06,144.6,192.40602153033052
1960-04-01,1960,4,-0.2,0.17,172.7,142.579726786133
1960-05-01,1960,5,-0.52,0.04,169.3,102.56805443742076
1960-06-01,1960,6,-0.55,0.0,156.0,55.68806520353269
1960-07-01,1960,7,-0.56,0.01,172.4,53.075341064683975
1960-08-01,1960,8,-0.27,0.15,190.0,57.30223961003562
1960-09-01,1960,9,-0.18,0.19,180.1,60.64435626479528
1960-10-01,1960,10,-0.05,0.08,117.3,127.8338314081838
1960-11-01,1960,11,-0.05,-0.07,126.9,110.745786616593
1960-12-01,1960,12,0.25,-0.07,121.2,88.8048227425378
1961-01-01,1961,1,0.59,0.0,82.1,268.988612080494
1961-02-01,1961,2,0.49,0.03,65.4,189.55980796637155
1961-03-01,1961,3,0.25,0.01,75.2,238.15746594022644
1961-04-01,1961,4,-0.14,0.05,86.9,181.1034015251541
1961-05-01,1961,5,-0.16,0.22,72.3,98.66529684161776
1961-06-01,1961,6,-0.38,0.22,109.5,58.97251573814706
1961-07-01,1961,7,-0.5,0.08,99.3,35.15510741676846
1961-08-01,1961,8,-0.61,-0.2,79.2,33.236589787814744
1961-09-01,1961,9,-0.46,-0.32,90.1,49.11882559158288
1961-10-01,1961,10,-0.29,-0.22,53.7,95.922361013577
1961-11-01,1961,11,-0.2,-0.11,46.5,78.41211131657988
1961-12-01,1961,12,-0.12,-0.05,56.9,161.47192516102027
1962-01-01,1962,1,-0.17,-0.16,55.1,175.6464197079044
1962-02-01,1962,2,-0.6,-0.17,71.7,207.28234731523224
1962-03-01,1962,3,-1.14,-0.15,64.9,266.2052716601308
1962-04-01,1962,4,-1.34,-0.2,65.9,137.22620848491508
1962-05-01,1962,5,-1.01,-0.19,61.9,123.80133158496837
1962-06-01,1962,6,-0.63,-0.13,59.6,74.0264584519343
1962-07-01,1962,7,-0.43,0.0,31.4,50.35959600141246
1962-08-01,1962,8,-0.28,-0.1,31.5,43.24764081958024
1962-09-01,1962,9,-0.24,-0.16,72.7,50.89631137928335
1962-10-01,1962,10,-0.27,-0.25,56.1,109.03052581157029
1962-11-01,1962,11,-0.38,-0.25,38.8,82.28815699026103
1962-12-01,1962,12,-0.3,-0.32,33.2,107.02738655457604
1963-01-01,1963,1,-0.31,-0.33,28.7,170.10563858816298
1963-02-01,1963,2,-0.21,-0.17,35.2,159.94547603359953
1963-03-01,1963,3,-0.33,0.01,24.8,279.6252274969728
1963-04-01,1963,4,-0.18,0.13,41.7,136.6940313381437
1963-05-01,1963,5,-0.15,0.12,61.1,119.78403929457276
1963-06-01,1963,6,0.17,0.45,51.2,68.19538058023879
1963-07-01,1963,7,0.36,0.76,28.7,43.92670944522301
1963-08-01,1963,8,0.61,1.09,47.5,33.744012928322114
1963-09-01,1963,9,0.7,1.09,55.2,52.090189755794135
1963-10-01,1963,10,0.59,1.13,50.1,97.45770576734468
1963-11-01,1963,11,0.48,1.19,33.7,87.98229330152279
1963-12-01,1963,12,0.25,1.13,21.6,169.23032915020576
1964-01-01,1964,1,-0.14,0.95,22.6,151.76328533363576
1964-02-01,1964,2,-0.52,0.52,25.3,217.4426402936033
1964-03-01,1964,3,-0.75,0.06,24.1,332.8092612868006
1964-04-01,1964,4,-1.14,-0.35,12.9,237.74949141975063
1964-05-01,1964,5,-1.24,-0.6,14.3,127.11082094731472
1964-06-01,1964,6,-1.34,-0.66,13.5,95.5074436350854
1964-07-01,1964,7,-1.05,-0.67,4.8,77.95697104001414
1964-08-01,1964,8,-0.9,-0.7,13.8,60.27883704075256
1964-09-01,1964,9,-0.79,-0.72,7.0,54.0304701964211
1964-10-01,1964,10,-0.55,-0.8,9.2,87.6316476530406
1964-11-01,1964,11,-0.58,-0.79,11.1,104.98079514031846
1964-12-01,1964,12,-0.36,-0.75,22.1,113.10221129675118
1965-01-01,1965,1,-0.17,-0.51,25.4,144.15386702361627
1965-02-01,1965,2,0.26,-0.25,20.8,171.52446616538032
1965-03-01,1965,3,0.94,-0.04,17.5,258.302436847734
1965-04-01,1965,4,1.62,0.16,10.2,251.87084286192447
1965-05-01,1965,5,2.1,0.47,34.5,135.56587374629976
1965-06-01,1965,6,2.03,0.79,23.3,62.82857911674282
1965-07-01,1965,7,1.93,1.1,17.3,66.83504408952231
1965-08-01,1965,8,1.59,1.27,13.3,50.4275035445972
1965-09-01,1965,9,1.35,1.55,24.5,63.67137956425596
1965-10-01,1965,10,1.04,1.7,29.1,110.00953794336836
1965-11-01,1965,11,1.03,1.82,22.8,124.56078832352294
1965-12-01,1965,12,1.01,1.6,24.7,132.79875152074646
1966-01-01,1966,1,0.64,1.24,40.3,161.09710611726356
1966-02-01,1966,2,0.02,0.95,35.3,186.5104132091168
1966-03-01,1966,3,-0.65,0.76,36.4,227.4195160611944
1966-04-01,1966,4,-1.0,0.43,69.0,173.04612054721937
1966-05-01,1966,5,-1.03,0.24,64.2,121.32681229088662
1966-06-01,1966,6,-0.93,0.18,67.7,46.45523572304018
1966-07-01,1966,7,-0.8,0.25,80.2,52.34576976998245
1966-08-01,1966,8,-0.6,0.13,72.6,65.14707290475901
1966-09-01,1966,9,-0.34,-0.09,71.1,72.87265654453516
1966-10-01,1966,10,-0.26,-0.12,81.2,128.82628835682348
1966-11-01,1966,11,-0.17,-0.23,81.0,90.99611435728524
1966-12-01,1966,12,-0.32,-0.35,99.8,123.31025285668414
1967-01-01,1967,1,-0.18,-0.46,157.0,188.7472526628428
1967-02-01,1967,2,-0.3,-0.48,132.6,212.52852499616452
1967-03-01,1967,3,-0.21,-0.5,158.3,152.72925673553075
1967-04-01,1967,4,-0.27,-0.37,98.4,177.52208921391744
1967-05-01,1967,5,-0.27,-0.15,122.5,95.5892968667843
1967-06-01,1967,6,-0.4,0.05,95.4,81.268140058052
1967-07-01,1967,7,-0.67,-0.02,129.5,72.66102481254799
1967-08-01,1967,8,-0.95,-0.26,151.8,56.18690861878509
1967-09-01,1967,9,-1.14,-0.4,108.7,60.32585278068236
1967-10-01,1967,10,-1.24,-0.4,125.0,99.53454649752742
1967-11-01,1967,11,-1.24,-0.36,133.6,75.85613137143471
1967-12-01,1967,12,-1.21,-0.42,179.0,89.4049654001354
1968-01-01,1968,1,-1.05,-0.62,172.5,151.17244799956757
1968-02-01,1968,2,-0.95,-0.73,158.5,155.20411928793516
1968-03-01,1968,3,-1.02,-0.63,130.5,155.04299287565908
1968-04-01,1968,4,-1.2,-0.48,115.0,124.4545876031587
1968-05-01,1968,5,-1.21,-0.1,180.0,87.49911116709832
1968-06-01,1968,6,-0.89,0.17,156.2,67.5691653343219
1968-07-01,1968,7,-0.35,0.44,136.2,63.68378476632826
1968-08-01,1968,8,0.27,0.38,154.8,65.57686621623503
1968-09-01,1968,9,0.51,0.34,166.0,111.1260536302519
1968-10-01,1968,10,0.56,0.5,152.5,99.73934828330673
1968-11-01,1968,11,0.51,0.66,121.7,65.2237088152551
1968-12-01,1968,12,0.49,0.93,155.5,110.20267013036064
1969-01-01,1969,1,0.3,0.98,147.8,157.2941655699824
1969-02-01,1969,2,0.38,0.98,170.5,214.20549421647272
1969-03-01,1969,3,0.72,0.77,192.3,223.5961430221966
1969-04-01,1969,4,1.43,0.69,151.1,213.58987794779745
1969-05-01,1969,5,1.64,0.62,169.9,125.58895071278386
1969-06-01,1969,6,1.44,0.48,150.1,87.28290425076226
1969-07-01,1969,7,0.91,0.37,137.1,56.766638985402444
1969-08-01,1969,8,0.58,0.41,138.8,51.69962255497247
1969-09-01,1969,9,0.7,0.61,129.3,71.41805470609918
1969-10-01,1969,10,0.93,0.71,135.4,116.32950539529828
1969-11-01,1969,11,1.13,0.81,132.4,114.98611863680824
1969-12-01,1969,12,1.05,0.71,138.6,156.62996590301347
1970-01-01,1970,1,0.77,0.46,157.9,212.01772987669145
1970-02-01,1970,2,0.18,0.23,180.8,178.9372733200651
1970-03-01,1970,3,-0.3,0.23,145.7,181.84670286769637
1970-04-01,1970,4,-0.75,0.28,155.1,202.5503063975524
1970-05-01,1970,5,-1.0,0.11,180.5,117.2411045145757
1970-06-01,1970,6,-1.51,-0.26,151.3,77.87647800444789
1970-07-01,1970,7,-1.57,-0.55,159.3,70.70181257542322
1970-08-01,1970,8,-1.41,-0.72,131.7,44.803326681858856
1970-09-01,1970,9,-0.94,-0.69,140.8,82.2945859446682
1970-10-01,1970,10,-0.72,-0.72,122.6,107.62358889425644
1970-11-01,1970,11,-0.62,-0.78,134.8,84.87908483262986
1970-12-01,1970,12,-0.76,-1.1,118.2,148.70998379361387
1971-01-01,1971,1,-0.91,-1.29,129.2,148.37150823539088
1971-02-01,1971,2,-1.01,-1.36,111.8,205.72403404557693
1971-03-01,1971,3,-0.78,-1.08,85.9,397.6737051663392
1971-04-01,1971,4,-0.65,-0.81,101.6,242.69836358162505
1971-05-01,1971,5,-0.72,-0.72,81.5,156.60068027449833
1971-06-01,1971,6,-0.84,-0.69,70.7,118.35772818857303
1971-07-01,1971,7,-0.88,-0.68,114.7,86.97066007602841
1971-08-01,1971,8,-0.79,-0.6,87.0,81.51242749421968
1971-09-01,1971,9,-0.85,-0.68,71.3,76.43506806602251
1971-10-01,1971,10,-0.72,-0.78,73.4,170.96060483604396
1971-11-01,1971,11,-0.67,-0.86,89.5,147.30528149461244
1971-12-01,1971,12,-0.35,-0.78,116.5,178.4932459961339
1972-01-01,1972,1,0.14,-0.57,87.0,174.2000424052812
1972-02-01,1972,2,0.73,-0.27,125.3,231.43539347987976
1972-03-01,1972,3,1.04,0.04,113.5,364.1167868368391
1972-04-01,1972,4,1.11,0.25,89.6,179.0069870914889
1972-05-01,1972,5,1.47,0.48,113.9,102.52280889248038
1972-06-01,1972,6,1.93,0.7,124.7,81.55854446963463
1972-07-01,1972,7,2.45,1.0,108.3,85.82412195119028
1972-08-01,1972,8,2.25,1.26,108.9,61.25645520866496
1972-09-01,1972,9,2.06,1.49,90.7,62.67821777694618
1972-10-01,1972,10,1.7,1.69,86.9,67.89983796122698
1972-11-01,1972,11,1.94,1.84,59.2,131.8819452343691
1972-12-01,1972,12,1.91,1.77,64.3,153.27742951917926
1973-01-01,1973,1,1.58,1.55,61.8,242.196866325861
1973-02-01,1973,2,0.8,1.13,60.9,225.8021461868606
1973-03-01,1973,3,-0.02,0.56,65.4,258.5140863113201
1973-04-01,1973,4,-0.55,-0.03,81.8,240.5473884875608
1973-05-01,1973,5,-0.93,-0.51,60.3,189.5099398659941
1973-06-01,1973,6,-0.98,-0.8,56.1,96.50481632024795
1973-07-01,1973,7,-1.1,-0.99,33.2,94.19783530086735
1973-08-01,1973,8,-1.01,-1.11,36.6,80.41252475560827
1973-09-01,1973,9,-0.94,-1.26,84.1,107.12789204926705
1973-10-01,1973,10,-0.8,-1.58,43.7,77.42007201801431
1973-11-01,1973,11,-0.77,-1.89,34.3,114.1839518143086
1973-12-01,1973,12,-0.84,-2.04,33.3,100.37803188043648
1974-01-01,1974,1,-0.85,-1.87,39.4,145.333362353048
1974-02-01,1974,2,-0.67,-1.59,37.3,261.3467167009458
1974-03-01,1974,3,-0.39,-1.24,30.9,232.73307966900143
1974-04-01,1974,4,-0.01,-0.99,57.5,162.86272141307992
1974-05-01,1974,5,-0.03,-0.71,56.3,87.75853843414794
1974-06-01,1974,6,-0.09,-0.64,51.5,73.85411167385668
1974-07-01,1974,7,-0.22,-0.46,79.1,87.167822541213
1974-08-01,1974,8,-0.19,-0.4,47.9,83.1837485025924
1974-09-01,1974,9,-0.37,-0.47,57.2,97.2332683362181
1974-10-01,1974,10,-0.58,-0.69,67.2,159.252705518093
1974-11-01,1974,11,-0.88,-0.88,35.9,147.02084751133492
1974-12-01,1974,12,-0.85,-0.71,29.6,132.33308069154097
1975-01-01,1975,1,-0.83,-0.56,27.3,169.07947755322886
1975-02-01,1975,2,-0.37,-0.55,16.7,276.1521095505996
1975-03-01,1975,3,-0.02,-0.61,16.9,428.5077936710692
1975-04-01,1975,4,0.03,-0.66,7.7,237.12797098599137
1975-05-01,1975,5,-0.37,-0.8,13.1,136.8639732805203
1975-06-01,1975,6,-0.68,-0.92,16.7,98.59697422479132
1975-07-01,1975,7,-0.72,-1.08,40.4,75.48391785842196
1975-08-01,1975,8,-0.78,-1.12,56.7,88.07018319992444
1975-09-01,1975,9,-1.1,-1.29,20.3,78.93687592764478
1975-10-01,1975,10,-1.56,-1.32,13.6,118.77558388655407
1975-11-01,1975,11,-1.69,-1.47,27.9,107.84759546947836
1975-12-01,1975,12,-1.44,-1.58,11.6,79.91375182135475
1976-01-01,1976,1,-0.84,-1.49,11.9,255.58165011715948
1976-02-01,1976,2,-0.3,-1.11,6.4,264.28096101655984
1976-03-01,1976,3,0.15,-0.65,31.5,291.4891676219486
1976-04-01,1976,4,0.63,-0.45,27.3,186.54321594742075
1976-05-01,1976,5,1.23,-0.23,18.2,160.0985405525558
1976-06-01,1976,6,1.73,0.0,17.9,110.27697004111882
1976-07-01,1976,7,1.85,0.23,2.9,53.009167387475394
1976-08-01,1976,8,1.62,0.4,24.1,68.56437921312431
1976-09-01,1976,9,1.24,0.6,20.0,93.5047048134642
1976-10-01,1976,10,0.95,0.79,29.7,91.76573879698856
1976-11-01,1976,11,0.77,0.81,7.9,116.53064476323738
1976-12-01,1976,12,0.66,0.84,22.3,149.951178307114
1977-01-01,1977,1,0.43,0.71,23.8,195.06405602329724
1977-02-01,1977,2,0.25,0.66,33.3,230.413084077633
1977-03-01,1977,3,0.01,0.33,13.0,265.54273942676014
1977-04-01,1977,4,-0.15,0.26,19.0,165.7563270519492
1977-05-01,1977,5,-0.22,0.26,27.0,102.9430260855881
1977-06-01,1977,6,-0.18,0.46,54.9,95.78311987624907
1977-07-01,1977,7,-0.24,0.39,30.6,50.60005086469972
1977-08-01,1977,8,-0.44,0.35,43.0,62.107052372245136
1977-09-01,1977,9,-0.45,0.45,62.4,73.47414776085766
1977-10-01,1977,10,-0.34,0.68,62.1,103.23757407499706
1977-11-01,1977,11,-0.19,0.84,41.6,113.66317762260742
1977-12-01,1977,12,-0.19,0.82,61.4,144.40092467033728
1978-01-01,1978,1,-0.1,0.71,73.7,96.61109113289068
1978-02-01,1978,2,-0.21,0.52,132.6,189.16948793297436
1978-03-01,1978,3,-0.31,0.17,108.4,180.2058519345612
1978-04-01,1978,4,-0.56,-0.06,141.2,168.62353418168536
1978-05-01,1978,5,-0.58,-0.28,117.1,114.45112905760315
1978-06-01,1978,6,-0.62,-0.24,134.6,58.07546428169149
1978-07-01,1978,7,-0.73,-0.37,99.7,59.42635222047184
1978-08-01,1978,8,-0.67,-0.37,82.4,48.398045851452
1978-09-01,1978,9,-0.69,-0.44,195.7,73.63683023079011
1978-10-01,1978,10,-0.29,-0.27,177.1,81.43960866931859
1978-11-01,1978,11,0.0,-0.07,138.5,123.87543610279327
1978-12-01,1978,12,0.35,0.11,173.9,170.0006920375174
1979-01-01,1979,1,0.25,0.19,235.9,147.2627017197627
1979-02-01,1979,2,0.13,0.21,194.7,160.75381433255887
1979-03-01,1979,3,0.15,0.29,195.3,226.3634427198664
1979-04-01,1979,4,0.33,0.32,143.7,160.93516380959605
1979-05-01,1979,5,0.54,0.29,190.3,107.26932161999576
1979-06-01,1979,6,0.42,0.14,211.7,78.25831157163924
1979-07-01,1979,7,0.38,0.09,225.7,64.79719282881699
1979-08-01,1979,8,0.43,0.22,201.4,65.45982466946373
1979-09-01,1979,9,0.65,0.34,266.9,87.73477694054961
1979-10-01,1979,10,0.68,0.47,263.6,92.21366120513429
1979-11-01,1979,11,0.48,0.5,259.5,67.76630787601758
1979-12-01,1979,12,0.22,0.64,249.6,95.91015318985431
1980-01-01,1980,1,0.11,0.62,226.1,133.67793937437114
1980-02-01,1980,2,0.24,0.47,219.4,167.73121153381834
1980-03-01,1980,3,0.34,0.35,178.7,166.59160424241213
1980-04-01,1980,4,0.37,0.34,232.2,183.32259818274525
1980-05-01,1980,5,0.22,0.45,254.7,99.5688932318433
1980-06-01,1980,6,-0.05,0.4,222.7,61.30149451800104
1980-07-01,1980,7,-0.13,0.18,192.9,56.330441994318825
1980-08-01,1980,8,-0.15,-0.06,191.7,60.39672587598515
1980-09-01,1980,9,-0.05,-0.17,219.6,82.98851613733913
1980-10-01,1980,10,-0.06,-0.07,233.3,142.2272049734164
1980-11-01,1980,11,-0.13,0.08,209.5,136.2530797983465
1980-12-01,1980,12,-0.53,-0.05,246.9,125.362134565548
1981-01-01,1981,1,-0.74,-0.27,156.6,115.80752639970584
1981-02-01,1981,2,-0.74,-0.42,189.9,289.6236306676238
1981-03-01,1981,3,-0.48,-0.41,196.6,242.05756629024023
1981-04-01,1981,4,-0.34,-0.27,225.3,188.04429586251783
1981-05-01,1981,5,-0.38,-0.28,194.7,103.05739668285582
1981-06-01,1981,6,-0.41,-0.27,131.6,101.17529595359626
1981-07-01,1981,7,-0.55,-0.28,205.3,51.008966722614296
1981-08-01,1981,8,-0.63,-0.23,242.5,60.05687646761992
1981-09-01,1981,9,-0.56,-0.08,245.3,66.10426218960808
1981-10-01,1981,10,-0.4,-0.16,216.2,123.48570831127384
1981-11-01,1981,11,-0.24,-0.19,186.0,104.13347159469848
1981-12-01,1981,12,-0.14,-0.14,195.4,155.9649485937171
1982-01-01,1982,1,-0.17,-0.05,149.8,147.7145366113409
1982-02-01,1982,2,-0.45,0.02,230.9,204.76613058112815
1982-03-01,1982,3,-0.62,0.07,221.1,207.92834568480023
1982-04-01,1982,4,-0.45,0.34,170.3,181.0279440960079
1982-05-01,1982,5,0.0,0.65,119.3,122.03557021935774
1982-06-01,1982,6,0.45,0.73,163.7,59.09804248285271
1982-07-01,1982,7,0.8,0.78,139.4,57.34464446791717
1982-08-01,1982,8,1.16,0.99,161.9,54.57673079296049
1982-09-01,1982,9,1.58,1.45,167.4,93.38171091500452
1982-10-01,1982,10,2.26,1.82,134.3,173.0238134020054
1982-11-01,1982,11,2.83,2.03,127.5,179.83475322312702
1982-12-01,1982,12,3.11,2.12,169.0,367.67021806184897
1983-01-01,1983,1,2.85,2.14,115.5,457.74791669037023
1983-02-01,1983,2,2.63,1.91,73.1,355.4849739085884
1983-03-01,1983,3,2.87,1.52,88.7,446.3737597880578
1983-04-01,1983,4,3.48,1.23,109.6,414.1304502678768
1983-05-01,1983,5,4.13,0.95,132.5,273.24625508656703
1983-06-01,1983,6,4.32,0.62,131.5,149.04136071566546
1983-07-01,1983,7,3.99,0.25,108.9,78.16986687183699
1983-08-01,1983,8,3.0,-0.06,96.0,65.92695288125844
1983-09-01,1983,9,2.03,-0.43,69.9,89.01099459810031
1983-10-01,1983,10,1.13,-0.76,72.5,144.03450321870687
1983-11-01,1983,11,0.7,-0.96,45.7,133.33394399315017
1983-12-01,1983,12,0.24,-0.89,45.6,187.97222818426383
1984-01-01,1984,1,-0.11,-0.63,74.8,139.02279865336152
1984-02-01,1984,2,-0.38,-0.51,110.2,331.6601040301521
1984-03-01,1984,3,-0.32,-0.38,116.7,247.1314523970604
1984-04-01,1984,4,-0.39,-0.47,90.4,228.5468799246847
1984-05-01,1984,5,-0.43,-0.55,96.9,135.29784602364316
1984-06-01,1984,6,-0.54,-0.52,65.1,103.61285224751089
1984-07-01,1984,7,-0.38,-0.39,55.7,72.30352943683113
1984-08-01,1984,8,-0.12,-0.22,35.0,67.84871348678837
1984-09-01,1984,9,-0.1,-0.32,22.6,96.99964915523412
1984-10-01,1984,10,-0.02,-0.62,12.6,115.63218580052606
1984-11-01,1984,11,-0.18,-0.95,26.5,104.12293347598226
1984-12-01,1984,12,-0.27,-1.06,21.4,156.3172991018713
1985-01-01,1985,1,-0.61,-1.01,17.8,137.03609752208013
1985-02-01,1985,2,-0.69,-0.86,20.7,153.43946081817677
1985-03-01,1985,3,-0.87,-0.85,16.9,172.6526234992519
1985-04-01,1985,4,-1.03,-0.8,20.4,167.36519565946912
1985-05-01,1985,5,-1.18,-0.79,32.4,139.67495972925434
1985-06-01,1985,6,-1.16,-0.6,28.3,76.27719543673311
1985-07-01,1985,7,-0.97,-0.44,39.9,66.72700928295727
1985-08-01,1985,8,-0.9,-0.33,10.1,77.01364220816163
1985-09-01,1985,9,-0.77,-0.31,4.3,91.90558625835848
1985-10-01,1985,10,-0.69,-0.3,22.0,97.5369910431814
1985-11-01,1985,11,-0.53,-0.28,17.9,95.46427746437004
1985-12-01,1985,12,-0.26,-0.36,15.8,139.3923753742999
1986-01-01,1986,1,0.0,-0.4,2.8,262.417092702568
1986-02-01,1986,2,-0.11,-0.38,27.9,209.51664574367013
1986-03-01,1986,3,-0.41,-0.25,13.8,189.5985093615256
1986-04-01,1986,4,-0.79,-0.17,22.4,248.64517606628976
1986-05-01,1986,5,-0.92,-0.09,16.1,110.86157955141483
1986-06-01,1986,6,-0.82,0.02,0.6,60.325176887269656
1986-07-01,1986,7,-0.5,0.24,18.1,73.18344888960499
1986-08-01,1986,8,-0.09,0.46,9.9,67.39803867386604
1986-09-01,1986,9,0.17,0.64,5.1,101.34587973553631
1986-10-01,1986,10,0.3,0.86,40.1,149.3416808345857
1986-11-01,1986,11,0.42,1.06,15.4,113.6146596852606
1986-12-01,1986,12,0.69,1.21,5.8,176.89512297267845
1987-01-01,1987,1,0.97,1.18,9.8,275.4137791670676
1987-02-01,1987,2,1.3,1.13,3.4,291.88887356070813
1987-03-01,1987,3,1.48,1.02,17.4,315.9311508918336
1987-04-01,1987,4,1.63,0.94,46.0,216.41494051209327
1987-05-01,1987,5,1.46,0.95,39.1,118.44860938980504
1987-06-01,1987,6,1.27,1.11,18.8,79.52075496235892
1987-07-01,1987,7,1.0,1.3,38.2,69.0775357925771
1987-08-01,1987,8,1.03,1.46,47.9,74.01629776843762
1987-09-01,1987,9,1.18,1.49,42.2,88.07768885914776
1987-10-01,1987,10,1.27,1.41,63.4,133.40180896818134
1987-11-01,1987,11,1.1,1.2,48.8,134.75462449257375
1987-12-01,1987,12,0.65,1.0,29.1,127.2099463745896
1988-01-01,1988,1,0.24,0.63,70.5,220.34540184032804
1988-02-01,1988,2,-0.2,0.37,45.4,238.51537393687343
1988-03-01,1988,3,-0.5,-0.03,91.2,143.1473868571493
1988-04-01,1988,4,-0.84,-0.45,108.8,200.0956631498152
1988-05-01,1988,5,-1.14,-0.99,74.2,140.78060106861653
1988-06-01,1988,6,-1.33,-1.3,124.3,62.22212989190559
1988-07-01,1988,7,-1.44,-1.3,131.4,64.7985495406979
1988-08-01,1988,8,-1.33,-1.14,139.4,46.3853531536647
1988-09-01,1988,9,-1.26,-1.27,142.7,79.8517940739986
1988-10-01,1988,10,-1.11,-1.54,156.5,119.0210848009078
1988-11-01,1988,11,-0.95,-1.81,156.8,163.38998508374533
1988-12-01,1988,12,-0.63,-1.85,231.2,141.2187222619203
1989-01-01,1989,1,-0.26,-1.64,210.1,262.3072126318044
1989-02-01,1989,2,0.0,-1.38,208.7,347.0801121361095
1989-03-01,1989,3,0.05,-1.09,170.4,228.73349097872023
1989-04-01,1989,4,-0.35,-0.85,166.3,214.69221939827656
1989-05-01,1989,5,-0.68,-0.61,195.4,111.8167824744645
1989-06-01,1989,6,-0.93,-0.4,284.5,89.24684675702413
1989-07-01,1989,7,-0.67,-0.37,180.5,66.12684150745618
1989-08-01,1989,8,-0.54,-0.36,232.0,69.89159335979797
1989-09-01,1989,9,-0.42,-0.33,225.1,93.65388356810216
1989-10-01,1989,10,-0.42,-0.25,212.2,156.72847199716298
1989-11-01,1989,11,-0.36,-0.12,238.2,78.48802692521633
1989-12-01,1989,12,-0.33,-0.04,211.4,51.39309783941229
1990-01-01,1990,1,-0.23,0.18,227.4,169.9947669460498
1990-02-01,1990,2,-0.19,0.19,171.8,189.6803696847315
1990-03-01,1990,3,-0.22,0.3,191.7,190.3800152215192
1990-04-01,1990,4,-0.27,0.27,189.7,188.87738363164357
1990-05-01,1990,5,-0.24,0.25,175.2,102.48767104432272
1990-06-01,1990,6,-0.3,0.25,153.3,108.50862676918926
1990-07-01,1990,7,-0.4,0.26,191.1,66.9508428222997
1990-08-01,1990,8,-0.48,0.32,252.1,52.49330682768123
1990-09-01,1990,9,-0.49,0.31,169.1,69.8816327054747
1990-10-01,1990,10,-0.57,0.27,199.4,116.4643677163437
1990-11-01,1990,11,-0.6,0.31,178.8,131.2751872802585
1990-12-01,1990,12,-0.54,0.34,197.1,128.23703543462972
1991-01-01,1991,1,-0.4,0.35,195.3,137.0490098754378
1991-02-01,1991,2,-0.26,0.26,240.3,217.89637201932192
1991-03-01,1991,3,-0.19,0.23,197.0,273.1353416275056
1991-04-01,1991,4,-0.16,0.29,197.6,174.7834280008494
1991-05-01,1991,5,-0.03,0.49,166.9,132.30692012724316
1991-06-01,1991,6,0.28,0.63,224.7,94.24477678679216
1991-07-01,1991,7,0.47,0.77,240.2,60.8137826991586
1991-08-01,1991,8,0.53,0.67,240.8,56.25583874422717
1991-09-01,1991,9,0.51,0.72,168.9,95.64970326207612
1991-10-01,1991,10,0.58,0.83,197.1,113.57129947644516
1991-11-01,1991,11,0.65,1.18,159.5,125.30348826225908
1991-12-01,1991,12,0.62,1.43,212.6,161.0546359855497
1992-01-01,1992,1,0.67,1.54,198.3,198.2726699526928
1992-02-01,1992,2,0.89,1.5,230.7,231.94741978411776
1992-03-01,1992,3,1.45,1.4,151.0,366.9719799738611
1992-04-01,1992,4,1.99,1.3,142.2,325.570143514798
1992-05-01,1992,5,1.86,1.08,94.3,151.74462948626305
1992-06-01,1992,6,1.12,0.72,98.5,76.47356200763687
1992-07-01,1992,7,0.29,0.35,114.2,72.20800026887231
1992-08-01,1992,8,-0.01,0.08,91.9,62.15221128785288
1992-09-01,1992,9,-0.01,-0.15,94.0,91.2250085941087
1992-10-01,1992,10,-0.04,-0.22,133.4,94.7395700163776
1992-11-01,1992,11,-0.14,-0.24,129.6,107.28519222985491
1992-12-01,1992,12,-0.11,-0.05,122.0,130.32705344314851
1993-01-01,1993,1,0.1,0.13,81.4,188.09543188820385
1993-02-01,1993,2,0.41,0.31,127.8,315.78527423300363
1993-03-01,1993,3,0.82,0.5,102.4,361.6523492043642
1993-04-01,1993,4,1.11,0.73,94.4,260.7204403906067
1993-05-01,1993,5,1.26,0.76,78.8,134.36643746630264
1993-06-01,1993,6,1.08,0.56,69.6,78.93594105642893
1993-07-01,1993,7,0.85,0.28,80.4,76.01240914075755
1993-08-01,1993,8,0.6,0.22,62.5,63.76579533059811
1993-09-01,1993,9,0.52,0.2,31.2,98.02128327497807
1993-10-01,1993,10,0.38,0.2,71.1,134.13841753889778
1993-11-01,1993,11,0.21,0.2,48.2,126.08715188923928
1993-12-01,1993,12,0.03,0.19,68.4,169.07291360051678
1994-01-01,1994,1,-0.1,0.07,84.9,258.487081177818
1994-02-01,1994,2,-0.36,0.0,54.9,289.08257211814384
1994-03-01,1994,3,-0.76,0.04,47.5,281.30818652868504
1994-04-01,1994,4,-1.0,0.17,27.4,260.09934785971234
1994-05-01,1994,5,-0.97,0.25,29.8,135.47230366206588
1994-06-01,1994,6,-0.83,0.23,39.7,101.47121695659418
1994-07-01,1994,7,-0.86,0.3,50.6,87.77387124604941
1994-08-01,1994,8,-0.63,0.3,34.3,67.18526042693146
1994-09-01,1994,9,-0.11,0.47,40.5,93.57122421497476
1994-10-01,1994,10,0.38,0.66,67.1,101.40658305946144
1994-11-01,1994,11,0.67,0.93,29.5,131.19813108519514
1994-12-01,1994,12,0.68,0.97,32.2,178.18568319381808
1995-01-01,1995,1,0.6,0.88,32.6,154.20630709757344
1995-02-01,1995,2,0.23,0.65,45.8,197.5606620192751
1995-03-01,1995,3,-0.54,0.46,46.3,181.67609631274004
1995-04-01,1995,4,-1.04,0.19,21.6,164.67522029131874
1995-05-01,1995,5,-1.18,0.03,19.4,124.1935624001726
1995-06-01,1995,6,-0.86,-0.11,22.5,72.36649758344586
1995-07-01,1995,7,-0.57,-0.3,20.4,67.1943800702362
1995-08-01,1995,8,-0.38,-0.55,18.2,49.60567323815052
1995-09-01,1995,9,-0.4,-0.81,15.7,80.59603928191063
1995-10-01,1995,10,-0.41,-0.97,30.6,120.23899560727028
1995-11-01,1995,11,-0.64,-1.05,14.0,176.68336462821063
1995-12-01,1995,12,-0.66,-1.01,14.9,143.8923665137111
1996-01-01,1996,1,-0.65,-0.88,13.3,177.4237153356305
1996-02-01,1996,2,-0.42,-0.7,7.7,188.0899498730335
1996-03-01,1996,3,-0.82,-0.52,12.6,242.96657097590167
1996-04-01,1996,4,-1.13,-0.36,6.8,150.07093288893466
1996-05-01,1996,5,-1.64,-0.25,7.6,107.27746733550812
1996-06-01,1996,6,-1.43,-0.24,16.5,93.53087084688428
1996-07-01,1996,7,-1.3,-0.22,11.8,84.3348943618886
1996-08-01,1996,8,-0.92,-0.27,19.7,58.36153476526312
1996-09-01,1996,9,-0.76,-0.3,3.0,75.8893585727548
1996-10-01,1996,10,-0.84,-0.33,0.7,131.1854331093482
1996-11-01,1996,11,-1.03,-0.39,24.9,75.24153191467236
1996-12-01,1996,12,-1.08,-0.41,14.0,121.84999891800425
1997-01-01,1997,1,-0.74,-0.41,7.4,133.12239454782303
1997-02-01,1997,2,-0.14,-0.26,11.0,216.13691998880356
1997-03-01,1997,3,0.48,-0.03,12.1,186.15944352737492
1997-04-01,1997,4,1.29,0.3,23.0,201.58561384113827
1997-05-01,1997,5,2.12,0.71,25.4,130.01401021763803
1997-06-01,1997,6,3.02,1.13,20.8,78.13683330757414
1997-07-01,1997,7,3.57,1.48,12.9,79.37349742791385
1997-08-01,1997,8,3.85,1.79,35.7,102.29788298211103
1997-09-01,1997,9,3.85,2.04,59.7,110.47029288029816
1997-10-01,1997,10,4.01,2.24,32.8,128.16431811974235
1997-11-01,1997,11,4.08,2.34,50.4,189.682873412864
1997-12-01,1997,12,4.06,2.37,55.5,303.84043739764013
1998-01-01,1998,1,3.49,2.22,44.5,399.3497133650559
1998-02-01,1998,2,3.03,1.91,50.2,498.1273141615984
1998-03-01,1998,3,2.76,1.4,82.0,596.4820790792833
1998-04-01,1998,4,2.81,1.03,70.6,321.0077707934322
1998-05-01,1998,5,2.66,0.4,74.0,154.55569081165183
1998-06-01,1998,6,2.22,-0.08,90.5,127.71432625837058
1998-07-01,1998,7,1.58,-0.63,96.7,80.72979104302883
1998-08-01,1998,8,0.87,-0.83,121.1,61.88132874940236
1998-09-01,1998,9,0.49,-1.02,132.0,73.81262981948078
1998-10-01,1998,10,0.11,-1.12,78.5,114.45127057865668
1998-11-01,1998,11,-0.05,-1.31,97.3,130.88418312476395
1998-12-01,1998,12,-0.4,-1.47,119.2,96.04299238180784
1999-01-01,1999,1,-0.49,-1.51,86.0,151.08676339965692
1999-02-01,1999,2,-0.4,-1.25,98.0,311.0630808076443
1999-03-01,1999,3,-0.42,-0.93,103.5,240.99977279245115
1999-04-01,1999,4,-0.44,-0.8,93.6,165.5137814057739
1999-05-01,1999,5,-0.67,-0.79,149.6,140.98978653584464
1999-06-01,1999,6,-0.46,-0.84,207.2,91.98698881504848
1999-07-01,1999,7,-0.32,-0.9,173.5,73.75117928986425
1999-08-01,1999,8,-0.46,-0.94,142.3,54.04468832502271
1999-09-01,1999,9,-0.69,-1.0,106.3,113.83407582404664
1999-10-01,1999,10,-1.08,-1.13,168.7,104.99554465628006
1999-11-01,1999,11,-0.96,-1.35,188.3,117.8734684554721
1999-12-01,1999,12,-0.91,-1.53,116.8,179.3924702473346
2000-01-01,2000,1,-0.66,-1.47,133.1,129.74124348122072
2000-02-01,2000,2,-0.56,-1.26,165.7,236.7939462155028
2000-03-01,2000,3,-0.3,-0.98,217.7,258.684549621058
2000-04-01,2000,4,-0.21,-0.81,191.5,217.23264990846
2000-05-01,2000,5,-0.16,-0.67,165.9,128.05594948800922
2000-06-01,2000,6,-0.25,-0.62,188.0,92.30381048315478
2000-07-01,2000,7,-0.37,-0.48,244.3,87.3684541591159
2000-08-01,2000,8,-0.36,-0.4,180.5,68.78295802257998
2000-09-01,2000,9,-0.37,-0.42,156.0,106.2197850061028
2000-10-01,2000,10,-0.59,-0.54,141.6,101.91320853009954
2000-11-01,2000,11,-0.86,-0.76,158.1,85.68307591897656
2000-12-01,2000,12,-0.95,-0.78,143.3,168.85809472389005
2001-01-01,2001,1,-0.68,-0.76,142.6,237.91722343139807
2001-02-01,2001,2,-0.25,-0.54,121.5,222.87350935985188
2001-03-01,2001,3,0.02,-0.43,165.8,351.1960653667828
2001-04-01,2001,4,-0.05,-0.29,161.7,180.1892043108744
2001-05-01,2001,5,-0.39,-0.19,142.1,113.17200342326652
2001-06-01,2001,6,-0.67,-0.08,202.9,80.34052392561121
2001-07-01,2001,7,-0.75,-0.05,123.0,74.42365326016507
2001-08-01,2001,8,-0.88,-0.13,161.5,50.2829237414001
2001-09-01,2001,9,-1.07,-0.15,238.2,94.30865255671604
2001-10-01,2001,10,-1.09,-0.26,194.1,91.0890071218872
2001-11-01,2001,11,-1.04,-0.33,176.6,126.112582619183
2001-12-01,2001,12,-0.89,-0.32,213.4,179.37710182505663
2002-01-01,2002,1,-0.59,-0.15,184.6,136.5576576922233
2002-02-01,2002,2,0.04,0.07,170.2,229.1321720028746
2002-03-01,2002,3,0.57,0.11,147.1,313.4903004529786
2002-04-01,2002,4,0.81,0.15,186.9,240.5994276986446
2002-05-01,2002,5,0.67,0.3,187.5,112.58427512800408
2002-06-01,2002,6,0.3,0.45,128.8,72.91685258253645
2002-07-01,2002,7,-0.03,0.57,161.0,85.00593899375858
2002-08-01,2002,8,-0.12,0.63,175.6,47.745750956758926
2002-09-01,2002,9,0.07,0.78,187.9,63.263866277636325
2002-10-01,2002,10,0.48,0.99,151.2,127.96019140195244
2002-11-01,2002,11,0.79,1.19,147.2,147.71425328859158
2002-12-01,2002,12,0.74,1.08,135.3,175.21174861394914
2003-01-01,2003,1,0.4,0.9,133.5,151.47076023890764
2003-02-01,2003,2,0.04,0.59,75.7,170.86672578183436
2003-03-01,2003,3,-0.19,0.38,100.7,193.66984461916928
2003-04-01,2003,4,-0.69,-0.01,97.9,143.16520089537835
2003-05-01,2003,5,-1.12,-0.18,86.8,113.9632336103672
2003-06-01,2003,6,-1.3,-0.13,118.7,78.09360032949215
2003-07-01,2003,7,-0.78,0.09,128.3,61.96474833411569
2003-08-01,2003,8,-0.51,0.14,115.4,63.269041649970426
2003-09-01,2003,9,-0.1,0.23,78.5,76.46953985494619
2003-10-01,2003,10,-0.01,0.23,97.8,115.2433785738272
2003-11-01,2003,11,0.22,0.29,82.9,122.27487734112628
2003-12-01,2003,12,0.1,0.29,72.2,127.72470884686597
2004-01-01,2004,1,0.02,0.34,60.6,103.87512452587112
2004-02-01,2004,2,-0.27,0.27,74.6,186.87168671104536
2004-03-01,2004,3,-0.39,0.19,74.8,191.49113812535168
2004-04-01,2004,4,-0.89,0.1,59.2,152.90456573830147
2004-05-01,2004,5,-1.01,0.12,72.8,116.06052900473549
2004-06-01,2004,6,-1.11,0.22,66.5,73.36283532937938
2004-07-01,2004,7,-0.86,0.39,83.8,64.98429241386454
2004-08-01,2004,8,-0.62,0.54,69.7,48.22572106005665
2004-09-01,2004,9,-0.32,0.58,48.8,76.8524483760541
2004-10-01,2004,10,0.16,0.61,74.2,126.24552511264513
2004-11-01,2004,11,0.38,0.64,70.1,150.41218196274383
2004-12-01,2004,12,0.36,0.71,28.9,133.7695022750035
2005-01-01,2005,1,-0.17,0.62,48.1,114.8282749791248
2005-02-01,2005,2,-0.74,0.55,43.5,204.30415901184213
2005-03-01,2005,3,-0.88,0.4,39.6,265.5297912893891
2005-04-01,2005,4,-0.68,0.37,38.7,152.61334810807918
2005-05-01,2005,5,-0.46,0.27,61.9,84.97618073848385
2005-06-01,2005,6,-0.46,0.09,56.8,74.737734330151
2005-07-01,2005,7,-0.5,-0.04,62.4,52.180595938241126
2005-08-01,2005,8,-0.52,-0.14,60.5,41.71500973775832
2005-09-01,2005,9,-0.84,-0.11,37.2,61.5859831169443
2005-10-01,2005,10,-1.18,-0.27,13.2,132.63284547235756
2005-11-01,2005,11,-1.23,-0.57,27.5,83.04955180453294
2005-12-01,2005,12,-0.92,-0.82,59.3,159.9893354718351
2006-01-01,2006,1,-0.37,-0.86,20.9,150.3890901462486
2006-02-01,2006,2,-0.15,-0.8,5.7,271.21527033047283
2006-03-01,2006,3,-0.52,-0.63,17.3,296.4138576734817
2006-04-01,2006,4,-0.78,-0.45,50.3,163.4120395095444
2006-05-01,2006,5,-0.76,-0.19,37.2,78.1334365787647
2006-06-01,2006,6,-0.19,-0.05,24.5,68.96852773720899
2006-07-01,2006,7,0.23,0.12,22.2,50.29356881166775
2006-08-01,2006,8,0.62,0.33,20.8,56.759747728741935
2006-09-01,2006,9,0.91,0.54,23.7,75.90022347642471
2006-10-01,2006,10,0.94,0.71,14.9,94.96404704786292
2006-11-01,2006,11,0.86,0.88,35.7,156.34017926501474
2006-12-01,2006,12,0.72,0.88,22.3,183.79899092062263
2007-01-01,2007,1,0.5,0.62,29.3,189.7230096662794
2007-02-01,2007,2,0.05,0.19,18.4,125.94391555090732
2007-03-01,2007,3,-0.59,-0.12,7.2,268.41824328826834
2007-04-01,2007,4,-1.22,-0.32,5.4,178.47132953535416
2007-05-01,2007,5,-1.54,-0.34,19.5,115.0029352575568
2007-06-01,2007,6,-1.46,-0.41,21.3,70.52363339571886
2007-07-01,2007,7,-1.26,-0.49,15.1,59.80839214397593
2007-08-01,2007,8,-1.05,-0.77,9.8,59.52264841125651
2007-09-01,2007,9,-1.23,-1.05,4.0,60.631625558359744
2007-10-01,2007,10,-1.41,-1.38,1.5,123.00662666243728
2007-11-01,2007,11,-1.64,-1.57,2.8,162.88024440613611
2007-12-01,2007,12,-1.29,-1.72,17.3,125.33073988153043
2008-01-01,2008,1,-0.64,-1.76,4.1,224.3390930775123
2008-02-01,2008,2,0.04,-1.61,2.9,283.9369091239792
2008-03-01,2008,3,0.34,-1.37,15.5,308.861428428469
2008-04-01,2008,4,0.44,-1.05,3.6,202.44049703166067
2008-05-01,2008,5,0.5,-0.85,4.6,130.74750160472195
2008-06-01,2008,6,0.69,-0.56,5.2,85.92843035804754
2008-07-01,2008,7,0.98,-0.33,0.6,60.08270554752173
2008-08-01,2008,8,1.13,-0.2,0.3,60.11516030497826
2008-09-01,2008,9,0.92,-0.25,1.2,84.37617839066664
2008-10-01,2008,10,0.37,-0.36,4.2,152.24776608173872
2008-11-01,2008,11,-0.12,-0.57,6.6,137.28015519693398
2008-12-01,2008,12,-0.3,-0.79,1.0,105.83718725422531
2009-01-01,2009,1,-0.43,-0.89,1.3,294.92235939726856
2009-02-01,2009,2,-0.55,-0.84,1.2,280.9033190573311
2009-03-01,2009,3,-0.36,-0.63,0.6,251.41060067250416
2009-04-01,2009,4,-0.02,-0.35,1.2,199.48588120992815
2009-05-01,2009,5,0.47,0.03,2.9,119.15502618167194
2009-06-01,2009,6,0.58,0.34,6.3,84.97659241603316
2009-07-01,2009,7,0.75,0.5,5.5,68.2077192536676
2009-08-01,2009,8,0.7,0.56,0.0,70.05881339778226
2009-09-01,2009,9,0.56,0.66,7.1,68.95742334313513
2009-10-01,2009,10,0.39,0.92,7.7,120.08534377129187
2009-11-01,2009,11,0.42,1.31,6.9,115.9891729660942
2009-12-01,2009,12,0.41,1.5,16.3,164.7251026634744
2010-01-01,2010,1,0.35,1.47,19.5,159.4918903416089
2010-02-01,2010,2,0.18,1.21,28.5,255.55068208650195
2010-03-01,2010,3,0.05,0.88,24.0,219.3089918562077
2010-04-01,2010,4,0.09,0.38,10.4,212.8925940343235
2010-05-01,2010,5,0.07,-0.16,13.9,135.96840396619243
2010-06-01,2010,6,-0.24,-0.66,18.8,76.0603605189023
2010-07-01,2010,7,-0.75,-0.98,25.2,65.36746200448165
2010-08-01,2010,8,-1.16,-1.24,29.6,43.959931268066086
2010-09-01,2010,9,-1.24,-1.43,36.4,75.12498084396779
2010-10-01,2010,10,-1.25,-1.54,33.6,83.98488797178737
2010-11-01,2010,11,-1.13,-1.57,34.4,99.23108601265324
2010-12-01,2010,12,-0.88,-1.48,24.5,134.0860619118314
2011-01-01,2011,1,-0.5,-1.29,27.3,182.26437510222289
2011-02-01,2011,2,-0.5,-1.06,48.3,181.8953444171731
2011-03-01,2011,3,-0.4,-0.85,78.6,176.66947881440285
2011-04-01,2011,4,-0.31,-0.68,76.1,238.06403651081217
2011-05-01,2011,5,0.08,-0.5,58.2,92.92489743362673
2011-06-01,2011,6,0.18,-0.34,56.1,73.63825534570972
2011-07-01,2011,7,0.08,-0.37,64.5,79.53222170023066
2011-08-01,2011,8,-0.28,-0.5,65.8,55.84480118969341
2011-09-01,2011,9,-0.59,-0.76,120.1,84.24625502868615
2011-10-01,2011,10,-0.71,-0.94,125.7,96.45779856443784
2011-11-01,2011,11,-0.67,-1.02,139.1,127.14142090940904
2011-12-01,2011,12,-0.46,-0.92,109.3,199.92944399907904
2012-01-01,2012,1,-0.15,-0.71,94.4,268.63578525526384
2012-02-01,2012,2,0.11,-0.56,47.8,363.5247092102818
2012-03-01,2012,3,0.47,-0.44,86.6,273.9766422700641
2012-04-01,2012,4,0.65,-0.35,85.9,211.2355104870172
2012-05-01,2012,5,0.94,-0.18,96.5,130.62905018706982
2012-06-01,2012,6,0.77,0.03,92.0,66.8340662951068
2012-07-01,2012,7,0.5,0.28,100.1,58.48861587072687
2012-08-01,2012,8,0.18,0.39,94.8,61.30041414414164
2012-09-01,2012,9,-0.07,0.37,93.7,64.22877900010445
2012-10-01,2012,10,-0.23,0.28,76.5,156.44756198394967
2012-11-01,2012,11,-0.53,0.13,87.6,165.39587961657807
2012-12-01,2012,12,-0.63,-0.03,56.8,137.32504146409266
2013-01-01,2013,1,-0.73,-0.24,96.1,164.7169584592093
2013-02-01,2013,2,-0.67,-0.28,60.9,237.7966169746704
2013-03-01,2013,3,-0.85,-0.23,78.3,288.8155272870333
2013-04-01,2013,4,-1.13,-0.2,107.3,133.44008245646694
2013-05-01,2013,5,-1.54,-0.3,120.2,151.10584221565315
2013-06-01,2013,6,-1.66,-0.38,76.7,80.2418676133612
2013-07-01,2013,7,-1.52,-0.45,86.2,75.22833871882833
2013-08-01,2013,8,-1.15,-0.34,91.8,68.23387260703838
2013-09-01,2013,9,-0.86,-0.32,54.5,56.56355250706322
2013-10-01,2013,10,-0.66,-0.14,114.4,130.42193546791546
2013-11-01,2013,11,-0.55,-0.12,113.9,80.93422619352243
2013-12-01,2013,12,-0.31,-0.11,124.2,150.43736327764998
2014-01-01,2014,1,-0.33,-0.24,117.0,196.82988095288647
2014-02-01,2014,2,-0.29,-0.21,146.1,195.63970661923247
2014-03-01,2014,3,-0.3,-0.02,128.7,262.40392701748976
2014-04-01,2014,4,0.25,0.25,112.5,132.30057244654174
2014-05-01,2014,5,0.87,0.35,112.5,169.24827964474895
2014-06-01,2014,6,1.21,0.22,102.9,90.02946744492155
2014-07-01,2014,7,1.15,0.07,100.2,63.870625638038526
2014-08-01,2014,8,0.9,0.07,106.9,56.97161622417335
2014-09-01,2014,9,0.81,0.24,130.0,78.90698211130083
2014-10-01,2014,10,0.77,0.51,90.0,114.27591609685956
2014-11-01,2014,11,0.65,0.7,103.6,138.454250040251
2014-12-01,2014,12,0.37,0.8,112.9,155.0031845028334
2015-01-01,2015,1,-0.06,0.73,93.0,210.34076482808985
2015-02-01,2015,2,-0.18,0.65,66.7,183.88077610229385
2015-03-01,2015,3,0.2,0.72,54.5,363.9449905426228
2015-04-01,2015,4,0.88,0.86,75.3,217.5755520627308
2015-05-01,2015,5,1.6,1.04,88.8,157.45944017389724
2015-06-01,2015,6,2.1,1.19,66.5,84.14242153801402
2015-07-01,2015,7,2.13,1.44,65.8,70.24556611410725
2015-08-01,2015,8,2.15,1.73,64.4,46.3025303343097
2015-09-01,2015,9,2.02,2.02,78.6,56.71682486315333
2015-10-01,2015,10,2.23,2.28,63.6,120.04919970044892
2015-11-01,2015,11,2.21,2.45,62.2,138.52875443602886
2015-12-01,2015,12,2.06,2.59,58.0,135.61938088411105
2016-01-01,2016,1,1.75,2.5,57.0,197.1673104235741
2016-02-01,2016,2,1.45,2.21,56.4,285.9651789901001
2016-03-01,2016,3,1.05,1.69,54.1,295.50050151920505
2016-04-01,2016,4,0.77,1.11,37.9,218.4314954740468
2016-05-01,2016,5,0.51,0.57,51.5,104.77129674710336
2016-06-01,2016,6,0.42,0.09,20.5,95.64932705111346
2016-07-01,2016,7,0.34,-0.19,32.4,46.956562967039545
2016-08-01,2016,8,0.35,-0.34,50.2,50.95874662444195
2016-09-01,2016,9,0.36,-0.42,44.6,85.01341034307814
2016-10-01,2016,10,0.31,-0.51,33.4,115.50726930356802
2016-11-01,2016,11,0.25,-0.49,21.4,84.30211516616313
2016-12-01,2016,12,0.47,-0.37,18.5,209.3247360162926
2017-01-01,2017,1,0.89,-0.08,26.1,306.10296718463513
2017-02-01,2017,2,1.29,0.08,26.4,323.47431854223487
2017-03-01,2017,3,1.31,0.27,17.7,581.2290515773042
2017-04-01,2017,4,0.92,0.32,32.3,244.44615383553068
2017-05-01,2017,5,0.31,0.35,18.9,174.24127271695147
2017-06-01,2017,6,-0.13,0.32,19.2,124.32377142671731
2017-07-01,2017,7,-0.32,0.14,17.8,66.85307170828574
2017-08-01,2017,8,-0.52,-0.07,32.6,65.02814913796956
2017-09-01,2017,9,-0.69,-0.23,43.7,83.26912092683149
2017-10-01,2017,10,-0.97,-0.44,13.2,124.93778019037892
2017-11-01,2017,11,-1.21,-0.61,5.7,125.94407908433888
2017-12-01,2017,12,-1.3,-0.76,8.2,177.77617263497552
2018-01-01,2018,1,-1.25,-0.71,6.8,212.0380639432301
2018-02-01,2018,2,-1.21,-0.67,10.7,204.0988348942414
2018-03-01,2018,3,-1.16,-0.55,2.5,193.4004857932492
2018-04-01,2018,4,-1.07,-0.35,8.9,191.944437498802
2018-05-01,2018,5,-0.84,-0.07,13.1,168.994862238426
2018-06-01,2018,6,-0.61,0.13,15.6,89.10793304897825
2018-07-01,2018,7,-0.46,0.2,1.6,66.121743939284
2018-08-01,2018,8,-0.24,0.3,8.7,78.49536264392806
2018-09-01,2018,9,-0.09,0.52,3.3,65.07319416809628
2018-10-01,2018,10,0.27,0.82,4.9,134.4433490100345
2018-11-01,2018,11,0.63,1.04,4.9,202.1570200674434
2018-12-01,2018,12,0.87,1.05,3.1,156.33199248641174
2019-01-01,2019,1,0.78,0.99,7.7,197.02748084684745
2019-02-01,2019,2,0.49,0.94,0.8,313.3930933290062
2019-03-01,2019,3,0.31,0.87,9.4,286.4014509128704
2019-04-01,2019,4,0.21,0.82,9.1,210.30385422878152
2019-05-01,2019,5,0.05,0.71,9.9,130.02317523904563
2019-06-01,2019,6,-0.28,0.59,1.2,104.66950418045089
2019-07-01,2019,7,-0.6,0.38,0.9,111.54437250702917
2019-08-01,2019,8,-0.72,0.2,0.5,66.20647747328884
2019-09-01,2019,9,-0.74,0.31,1.1,77.80314779066856
2019-10-01,2019,10,-0.53,0.51,0.4,141.9315402624521
2019-11-01,2019,11,-0.3,0.72,0.5,163.95240025902703
2019-12-01,2019,12,-0.18,0.75,1.5,235.05528916123228
2020-01-01,2020,1,-0.14,0.71,6.2,147.85730643003052
2020-02-01,2020,2,-0.14,0.66,0.2,190.56663915484216
2020-03-01,2020,3,0.07,0.57,1.5,218.74766018919925
2020-04-01,2020,4,0.02,0.33,5.2,184.10831350092383
2020-05-01,2020,5,-0.2,0.04,0.2,126.04899400105924
2020-06-01,2020,6,-0.72,-0.18,5.8,69.62624564920058
2020-07-01,2020,7,-1.02,-0.29,6.1,88.73436668491432
2020-08-01,2020,8,-1.19,-0.43,7.5,44.33657710495759
2020-09-01,2020,9,-1.02,-0.77,0.6,85.57734693689373
2020-10-01,2020,10,-0.91,-1.0,14.6,85.82519435202103
2020-11-01,2020,11,-0.76,-1.11,34.5,113.33739230361816
2020-12-01,2020,12,-0.79,-1.06,23.1,235.49467631626263
2021-01-01,2021,1,-0.84,-0.99,10.4,243.39839338895047
2021-02-01,2021,2,-0.83,-0.85,8.2,142.62885767830798
2021-03-01,2021,3,-0.86,-0.74,17.2,341.8470888390351
2021-04-01,2021,4,-0.83,-0.56,24.5,200.71445006360696
2021-05-01,2021,5,-0.7,-0.4,21.2,133.3490850488654
2021-06-01,2021,6,-0.46,-0.31,25.0,107.2083639853598
2021-07-01,2021,7,-0.3,-0.35,34.3,65.08938952527063
2021-08-01,2021,8,-0.41,-0.46,22.0,56.78904779552917
2021-09-01,2021,9,-0.62,-0.64,51.3,78.13911303156388
2021-10-01,2021,10,-0.9,-0.77,37.4,175.47622477626368
2021-11-01,2021,11,-1.23,-0.91,34.8,150.545614058096
2021-12-01,2021,12,-1.31,-0.83,67.5,158.92954281696376
2022-01-01,2022,1,-1.46,-0.76,55.3,151.23534833527168
2022-02-01,2022,2,-1.14,-0.68,60.9,202.7410323303344
2022-03-01,2022,3,-1.24,-0.77,78.6,328.81349117575155
2022-04-01,2022,4,-1.26,-0.86,84.0,230.3804512419861
2022-05-01,2022,5,-1.51,-0.83,96.5,116.84005936361454
2022-06-01,2022,6,-1.44,-0.73,70.3,100.251014253516
2022-07-01,2022,7,-1.09,-0.7,91.4,88.02484526431154
2022-08-01,2022,8,-0.93,-0.78,74.6,69.02044025831209
2022-09-01,2022,9,-1.12,-0.87,96.0,26.96262075755784
2022-10-01,2022,10,-1.3,-0.89,95.5,47.61537796014122
2022-11-01,2022,11,-1.1,-0.82,80.5,35.8659982241569
2022-12-01,2022,12,-0.7,-0.7,112.8,50.378029385715706
2023-01-01,2023,1,-0.17,-0.55,144.4,80.25895907478913
2023-02-01,2023,2,0.47,-0.33,111.3,106.5647260280439
2023-03-01,2023,3,1.53,-0.11,123.3,163.69190965297565
2023-04-01,2023,4,2.11,0.19,97.6,170.54901696302323
2023-05-01,2023,5,2.45,0.46,137.4,66.52621877897197
2023-06-01,2023,6,2.57,0.73,160.5,32.506899839092576
2023-07-01,2023,7,2.92,1.0,160.0,27.936580483648964
2023-08-01,2023,8,2.9,1.25,114.8,17.855861590445656
2023-09-01,2023,9,2.68,1.5,134.2,25.00045281584864
2023-10-01,2023,10,2.28,1.74,99.9,55.26348588260696
2023-11-01,2023,11,2.01,1.9,107.1,49.46697593607461
2023-12-01,2023,12,1.67,1.99,113.5,94.3116252286481
2024-01-01,2024,1,1.34,1.84,126.0,69.0051127437444
2024-02-01,2024,2,0.88,1.53,123.0,93.95438118170271
2024-03-01,2024,3,0.38,1.18,103.7,177.12204202271542
2024-04-01,2024,4,-0.38,0.77,137.0,181.85357535343223
2024-05-01,2024,5,-0.78,0.43,172.1,142.1698167097902
2024-06-01,2024,6,-0.97,0.18,164.1,67.34587690963316
2024-07-01,2024,7,-0.72,0.06,196.8,52.06613043194285
2024-08-01,2024,8,-0.65,-0.04,216.0,40.91423726627461
2024-09-01,2024,9,-0.5,-0.12,141.1,54.38216181317414
2024-10-01,2024,10,-0.34,-0.19,165.8,118.96771495724124
2024-11-01,2024,11,-0.1,-0.29,154.1,82.65907839071062
2024-12-01,2024,12,-0.11,-0.43,154.6,181.08091866378413
2025-01-01,2025,1,0.0,-0.46,137.0,191.14336611010583
2025-02-01,2025,2,0.45,-0.22,155.7,353.2910164195595
2025-03-01,2025,3,0.72,-0.08,134.2,327.7350359813033
2025-04-01,2025,4,0.46,0.02,141.4,287.45270031414526
2025-05-01,2025,5,0.18,-0.04,78.5,161.2709725633882
2025-06-01,2025,6,0.11,-0.02,114.6,96.91142832118004
2025-07-01,2025,7,0.17,-0.11,125.9,68.71062896353759
2025-08-01,2025,8,-0.01,-0.26,133.7,73.18878905071749
2025-09-01,2025,9,-0.22,-0.43,129.7,91.00672875712128
2025-10-01,2025,10,-0.42,-0.57,114.8,151.3127687636647
2025-11-01,2025,11,-0.5,-0.61,91.7,201.84144514252043
2025-12-01,2025,12,-0.51,-0.6,124.2,79.86802182812676
2026-01-01,2026,1,-0.06,-0.39,115.0,256.9638083684059
2026-02-01,2026,2,0.42,-0.21,77.4,322.18779661483524
2026-03-01,2026,3,0.96,0.11,86.6,243.3608528418268
2026-04-01,2026,4,1.34,0.46,79.3,155.02028027384375
2026-05-01,2026,5,1.98,0.95,101.5,117.97532532015413
