fecha,año,mes,precipitacion_mm
1950-01-01,1950,1,155.30981700861688
1950-02-01,1950,2,164.95582490201986
1950-03-01,1950,3,158.18062280836196
1950-04-01,1950,4,221.68799010336681
1950-05-01,1950,5,123.80281944738002
1950-06-01,1950,6,116.7611032972076
1950-07-01,1950,7,91.29759118505278
1950-08-01,1950,8,68.11875926940019
1950-09-01,1950,9,122.30801657896049
1950-10-01,1950,10,112.07840367373126
1950-11-01,1950,11,69.77987497436122
1950-12-01,1950,12,100.61187758812117
1951-01-01,1951,1,90.78907839411166
1951-02-01,1951,2,156.50803973253775
1951-03-01,1951,3,139.46403382053123
1951-04-01,1951,4,221.4488751969084
1951-05-01,1951,5,103.33028047805912
1951-06-01,1951,6,95.5464825728163
1951-07-01,1951,7,60.986332545816474
1951-08-01,1951,8,75.43634618487927
1951-09-01,1951,9,83.38715728489117
1951-10-01,1951,10,127.17908404328958
1951-11-01,1951,11,114.50314668561494
1951-12-01,1951,12,194.96259619419436
1952-01-01,1952,1,200.9024975454265
1952-02-01,1952,2,185.60780119195246
1952-03-01,1952,3,253.95759746166996
1952-04-01,1952,4,232.96549641914208
1952-05-01,1952,5,137.39275742434128
1952-06-01,1952,6,113.76436655825928
1952-07-01,1952,7,73.63325905824213
1952-08-01,1952,8,54.541138984221824
1952-09-01,1952,9,88.32860683449952
1952-10-01,1952,10,119.53359430147009
1952-11-01,1952,11,109.61886753051732
1952-12-01,1952,12,95.39524188259416
1953-01-01,1953,1,191.6055956669316
1953-02-01,1953,2,266.03601341928845
1953-03-01,1953,3,321.5273647468734
1953-04-01,1953,4,311.98620390033267
1953-05-01,1953,5,152.8235542187827
1953-06-01,1953,6,104.78510198787308
1953-07-01,1953,7,81.19130065782616
1953-08-01,1953,8,70.1745867105147
1953-09-01,1953,9,129.08625415669832
1953-10-01,1953,10,118.24703616959484
1953-11-01,1953,11,131.35581413349294
1953-12-01,1953,12,62.64856269636099
1954-01-01,1954,1,187.07608208857425
1954-02-01,1954,2,110.31134583719943
1954-03-01,1954,3,268.0364492236573
1954-04-01,1954,4,184.1337489593872
1954-05-01,1954,5,96.27727254314554
1954-06-01,1954,6,79.5603826213314
1954-07-01,1954,7,71.68993482961599
1954-08-01,1954,8,33.78617175620973
1954-09-01,1954,9,56.72781322553495
1954-10-01,1954,10,146.29287276866881
1954-11-01,1954,11,106.75342381409702
1954-12-01,1954,12,134.74546368938178
1955-01-01,1955,1,155.67307198663593
1955-02-01,1955,2,232.30537721207878
1955-03-01,1955,3,252.0757220862302
1955-04-01,1955,4,140.88161412570662
1955-05-01,1955,5,119.66782611531735
1955-06-01,1955,6,66.04317243819204
1955-07-01,1955,7,86.71586468094284
1955-08-01,1955,8,47.796246078833455
1955-09-01,1955,9,62.71260012190892
1955-10-01,1955,10,100.39432911741748
1955-11-01,1955,11,125.43203572188843
1955-12-01,1955,12,73.72437129625602
1956-01-01,1956,1,166.02871862387565
1956-02-01,1956,2,239.11105851052594
1956-03-01,1956,3,275.55857617403217
1956-04-01,1956,4,227.1794851135865
1956-05-01,1956,5,124.54336891405961
1956-06-01,1956,6,94.91124065640916
1956-07-01,1956,7,117.8319002728412
1956-08-01,1956,8,72.71818637311046
1956-09-01,1956,9,86.60337405059461
1956-10-01,1956,10,169.53433153380936
1956-11-01,1956,11,65.18768567432276
1956-12-01,1956,12,103.6522086816499
1957-01-01,1957,1,152.02043652736563
1957-02-01,1957,2,303.34472168162915
1957-03-01,1957,3,322.3093912785364
1957-04-01,1957,4,300.3464243812578
1957-05-01,1957,5,150.2563880929221
1957-06-01,1957,6,90.09671140539102
1957-07-01,1957,7,49.37884245413689
1957-08-01,1957,8,44.65590859593348
1957-09-01,1957,9,56.32660570253741
1957-10-01,1957,10,153.3544097390788
1957-11-01,1957,11,174.23368743681735
1957-12-01,1957,12,157.9899532555865
1958-01-01,1958,1,202.4222122422766
1958-02-01,1958,2,238.28655644789242
1958-03-01,1958,3,310.2080106084295
1958-04-01,1958,4,223.8906813286069
1958-05-01,1958,5,137.68547582115195
1958-06-01,1958,6,58.70297203499136
1958-07-01,1958,7,60.68221814290603
1958-08-01,1958,8,53.960425054062476
1958-09-01,1958,9,77.6263247404488
1958-10-01,1958,10,169.61752673725212
1958-11-01,1958,11,115.75712238047859
1958-12-01,1958,12,184.81197400440385
1959-01-01,1959,1,136.10212155796683
1959-02-01,1959,2,220.08461750762723
1959-03-01,1959,3,297.2547786371917
1959-04-01,1959,4,227.37865868387013
1959-05-01,1959,5,112.12238168821196
1959-06-01,1959,6,75.77280782272923
1959-07-01,1959,7,51.129838640593796
1959-08-01,1959,8,45.71429564020178
1959-09-01,1959,9,60.22592164921096
1959-10-01,1959,10,111.63288844140327
1959-11-01,1959,11,100.66226981047969
1959-12-01,1959,12,196.79742387155818
1960-01-01,1960,1,159.4935429129331
1960-02-01,1960,2,191.76986322647642
1960-03-01,1960,3,192.40602153033055
1960-04-01,1960,4,142.579726786133
1960-05-01,1960,5,102.56805443742076
1960-06-01,1960,6,55.68806520353269
1960-07-01,1960,7,53.075341064683975
1960-08-01,1960,8,57.30223961003562
1960-09-01,1960,9,60.64435626479528
1960-10-01,1960,10,127.8338314081838
1960-11-01,1960,11,110.74578661659301
1960-12-01,1960,12,88.8048227425378
1961-01-01,1961,1,268.98861208049397
1961-02-01,1961,2,189.55980796637155
1961-03-01,1961,3,238.15746594022644
1961-04-01,1961,4,181.1034015251541
1961-05-01,1961,5,98.66529684161777
1961-06-01,1961,6,58.97251573814706
1961-07-01,1961,7,35.15510741676846
1961-08-01,1961,8,33.236589787814744
1961-09-01,1961,9,49.118825591582876
1961-10-01,1961,10,95.922361013577
1961-11-01,1961,11,78.41211131657988
1961-12-01,1961,12,161.47192516102027
1962-01-01,1962,1,175.64641970790439
1962-02-01,1962,2,207.28234731523224
1962-03-01,1962,3,266.2052716601308
1962-04-01,1962,4,137.22620848491508
1962-05-01,1962,5,123.80133158496835
1962-06-01,1962,6,74.0264584519343
1962-07-01,1962,7,50.35959600141246
1962-08-01,1962,8,43.24764081958024
1962-09-01,1962,9,50.89631137928335
1962-10-01,1962,10,109.03052581157029
1962-11-01,1962,11,82.28815699026103
1962-12-01,1962,12,107.02738655457603
1963-01-01,1963,1,170.10563858816298
1963-02-01,1963,2,159.94547603359953
1963-03-01,1963,3,279.6252274969728
1963-04-01,1963,4,136.6940313381437
1963-05-01,1963,5,119.78403929457276
1963-06-01,1963,6,68.19538058023879
1963-07-01,1963,7,43.92670944522301
1963-08-01,1963,8,33.744012928322114
1963-09-01,1963,9,52.090189755794135
1963-10-01,1963,10,97.45770576734468
1963-11-01,1963,11,87.98229330152279
1963-12-01,1963,12,169.23032915020576
1964-01-01,1964,1,151.76328533363576
1964-02-01,1964,2,217.44264029360332
1964-03-01,1964,3,332.8092612868006
1964-04-01,1964,4,237.74949141975063
1964-05-01,1964,5,127.11082094731472
1964-06-01,1964,6,95.50744363508541
1964-07-01,1964,7,77.95697104001414
1964-08-01,1964,8,60.278837040752556
1964-09-01,1964,9,54.0304701964211
1964-10-01,1964,10,87.6316476530406
1964-11-01,1964,11,104.98079514031846
1964-12-01,1964,12,113.10221129675118
1965-01-01,1965,1,144.15386702361627
1965-02-01,1965,2,171.52446616538032
1965-03-01,1965,3,258.30243684773393
1965-04-01,1965,4,251.87084286192447
1965-05-01,1965,5,135.56587374629976
1965-06-01,1965,6,62.82857911674282
1965-07-01,1965,7,66.83504408952231
1965-08-01,1965,8,50.4275035445972
1965-09-01,1965,9,63.67137956425596
1965-10-01,1965,10,110.00953794336836
1965-11-01,1965,11,124.56078832352294
1965-12-01,1965,12,132.79875152074646
1966-01-01,1966,1,161.09710611726356
1966-02-01,1966,2,186.51041320911676
1966-03-01,1966,3,227.41951606119437
1966-04-01,1966,4,173.04612054721935
1966-05-01,1966,5,121.32681229088662
1966-06-01,1966,6,46.45523572304018
1966-07-01,1966,7,52.345769769982454
1966-08-01,1966,8,65.14707290475901
1966-09-01,1966,9,72.87265654453516
1966-10-01,1966,10,128.82628835682348
1966-11-01,1966,11,90.99611435728524
1966-12-01,1966,12,123.31025285668414
1967-01-01,1967,1,188.74725266284278
1967-02-01,1967,2,212.52852499616455
1967-03-01,1967,3,152.72925673553075
1967-04-01,1967,4,177.52208921391744
1967-05-01,1967,5,95.5892968667843
1967-06-01,1967,6,81.268140058052
1967-07-01,1967,7,72.66102481254799
1967-08-01,1967,8,56.18690861878509
1967-09-01,1967,9,60.32585278068236
1967-10-01,1967,10,99.53454649752742
1967-11-01,1967,11,75.85613137143471
1967-12-01,1967,12,89.4049654001354
1968-01-01,1968,1,151.17244799956757
1968-02-01,1968,2,155.20411928793516
1968-03-01,1968,3,155.04299287565908
1968-04-01,1968,4,124.4545876031587
1968-05-01,1968,5,87.49911116709832
1968-06-01,1968,6,67.5691653343219
1968-07-01,1968,7,63.68378476632826
1968-08-01,1968,8,65.57686621623503
1968-09-01,1968,9,111.1260536302519
1968-10-01,1968,10,99.73934828330673
1968-11-01,1968,11,65.2237088152551
1968-12-01,1968,12,110.20267013036063
1969-01-01,1969,1,157.2941655699824
1969-02-01,1969,2,214.20549421647272
1969-03-01,1969,3,223.5961430221966
1969-04-01,1969,4,213.58987794779745
1969-05-01,1969,5,125.58895071278386
1969-06-01,1969,6,87.28290425076226
1969-07-01,1969,7,56.766638985402444
1969-08-01,1969,8,51.69962255497247
1969-09-01,1969,9,71.41805470609918
1969-10-01,1969,10,116.32950539529827
1969-11-01,1969,11,114.98611863680823
1969-12-01,1969,12,156.62996590301347
1970-01-01,1970,1,212.01772987669145
1970-02-01,1970,2,178.9372733200651
1970-03-01,1970,3,181.84670286769634
1970-04-01,1970,4,202.55030639755236
1970-05-01,1970,5,117.2411045145757
1970-06-01,1970,6,77.87647800444789
1970-07-01,1970,7,70.70181257542322
1970-08-01,1970,8,44.803326681858856
1970-09-01,1970,9,82.2945859446682
1970-10-01,1970,10,107.62358889425644
1970-11-01,1970,11,84.87908483262986
1970-12-01,1970,12,148.70998379361387
1971-01-01,1971,1,148.37150823539088
1971-02-01,1971,2,205.72403404557693
1971-03-01,1971,3,397.67370516633923
1971-04-01,1971,4,242.69836358162505
1971-05-01,1971,5,156.60068027449833
1971-06-01,1971,6,118.35772818857305
1971-07-01,1971,7,86.97066007602841
1971-08-01,1971,8,81.51242749421968
1971-09-01,1971,9,76.43506806602251
1971-10-01,1971,10,170.96060483604396
1971-11-01,1971,11,147.30528149461244
1971-12-01,1971,12,178.4932459961339
1972-01-01,1972,1,174.2000424052812
1972-02-01,1972,2,231.43539347987976
1972-03-01,1972,3,364.1167868368391
1972-04-01,1972,4,179.0069870914889
1972-05-01,1972,5,102.52280889248038
1972-06-01,1972,6,81.55854446963463
1972-07-01,1972,7,85.82412195119028
1972-08-01,1972,8,61.25645520866496
1972-09-01,1972,9,62.678217776946184
1972-10-01,1972,10,67.89983796122698
1972-11-01,1972,11,131.8819452343691
1972-12-01,1972,12,153.27742951917926
1973-01-01,1973,1,242.196866325861
1973-02-01,1973,2,225.8021461868606
1973-03-01,1973,3,258.5140863113201
1973-04-01,1973,4,240.54738848756077
1973-05-01,1973,5,189.5099398659941
1973-06-01,1973,6,96.50481632024795
1973-07-01,1973,7,94.19783530086737
1973-08-01,1973,8,80.41252475560827
1973-09-01,1973,9,107.12789204926703
1973-10-01,1973,10,77.42007201801431
1973-11-01,1973,11,114.18395181430861
1973-12-01,1973,12,100.37803188043647
1974-01-01,1974,1,145.333362353048
1974-02-01,1974,2,261.3467167009458
1974-03-01,1974,3,232.73307966900143
1974-04-01,1974,4,162.86272141307992
1974-05-01,1974,5,87.75853843414794
1974-06-01,1974,6,73.85411167385668
1974-07-01,1974,7,87.167822541213
1974-08-01,1974,8,83.1837485025924
1974-09-01,1974,9,97.2332683362181
1974-10-01,1974,10,159.252705518093
1974-11-01,1974,11,147.02084751133492
1974-12-01,1974,12,132.33308069154097
1975-01-01,1975,1,169.07947755322886
1975-02-01,1975,2,276.15210955059956
1975-03-01,1975,3,428.5077936710692
1975-04-01,1975,4,237.12797098599137
1975-05-01,1975,5,136.8639732805203
1975-06-01,1975,6,98.59697422479132
1975-07-01,1975,7,75.48391785842196
1975-08-01,1975,8,88.07018319992444
1975-09-01,1975,9,78.93687592764478
1975-10-01,1975,10,118.77558388655409
1975-11-01,1975,11,107.84759546947835
1975-12-01,1975,12,79.91375182135475
1976-01-01,1976,1,255.58165011715948
1976-02-01,1976,2,264.28096101655984
1976-03-01,1976,3,291.4891676219486
1976-04-01,1976,4,186.54321594742075
1976-05-01,1976,5,160.0985405525558
1976-06-01,1976,6,110.27697004111882
1976-07-01,1976,7,53.009167387475394
1976-08-01,1976,8,68.56437921312431
1976-09-01,1976,9,93.5047048134642
1976-10-01,1976,10,91.76573879698856
1976-11-01,1976,11,116.53064476323738
1976-12-01,1976,12,149.951178307114
1977-01-01,1977,1,195.06405602329724
1977-02-01,1977,2,230.413084077633
1977-03-01,1977,3,265.54273942676014
1977-04-01,1977,4,165.7563270519492
1977-05-01,1977,5,102.9430260855881
1977-06-01,1977,6,95.78311987624907
1977-07-01,1977,7,50.60005086469972
1977-08-01,1977,8,62.107052372245136
1977-09-01,1977,9,73.47414776085766
1977-10-01,1977,10,103.23757407499706
1977-11-01,1977,11,113.66317762260742
1977-12-01,1977,12,144.40092467033728
1978-01-01,1978,1,96.61109113289069
1978-02-01,1978,2,189.16948793297433
1978-03-01,1978,3,180.20585193456117
1978-04-01,1978,4,168.62353418168536
1978-05-01,1978,5,114.45112905760315
1978-06-01,1978,6,58.07546428169149
1978-07-01,1978,7,59.426352220471834
1978-08-01,1978,8,48.398045851452004
1978-09-01,1978,9,73.63683023079011
1978-10-01,1978,10,81.43960866931859
1978-11-01,1978,11,123.87543610279329
1978-12-01,1978,12,170.0006920375174
1979-01-01,1979,1,147.2627017197627
1979-02-01,1979,2,160.75381433255887
1979-03-01,1979,3,226.36344271986638
1979-04-01,1979,4,160.93516380959605
1979-05-01,1979,5,107.26932161999575
1979-06-01,1979,6,78.25831157163924
1979-07-01,1979,7,64.79719282881699
1979-08-01,1979,8,65.45982466946373
1979-09-01,1979,9,87.73477694054961
1979-10-01,1979,10,92.21366120513429
1979-11-01,1979,11,67.76630787601758
1979-12-01,1979,12,95.91015318985431
1980-01-01,1980,1,133.67793937437114
1980-02-01,1980,2,167.73121153381834
1980-03-01,1980,3,166.59160424241213
1980-04-01,1980,4,183.32259818274525
1980-05-01,1980,5,99.5688932318433
1980-06-01,1980,6,61.301494518001036
1980-07-01,1980,7,56.330441994318825
1980-08-01,1980,8,60.39672587598515
1980-09-01,1980,9,82.98851613733913
1980-10-01,1980,10,142.2272049734164
1980-11-01,1980,11,136.2530797983465
1980-12-01,1980,12,125.362134565548
1981-01-01,1981,1,115.80752639970584
1981-02-01,1981,2,289.6236306676238
1981-03-01,1981,3,242.05756629024026
1981-04-01,1981,4,188.04429586251786
1981-05-01,1981,5,103.05739668285582
1981-06-01,1981,6,101.17529595359626
1981-07-01,1981,7,51.008966722614296
1981-08-01,1981,8,60.056876467619915
1981-09-01,1981,9,66.10426218960808
1981-10-01,1981,10,123.48570831127385
1981-11-01,1981,11,104.13347159469849
1981-12-01,1981,12,155.9649485937171
1982-01-01,1982,1,147.7145366113409
1982-02-01,1982,2,204.76613058112818
1982-03-01,1982,3,207.92834568480026
1982-04-01,1982,4,181.0279440960079
1982-05-01,1982,5,122.03557021935774
1982-06-01,1982,6,59.09804248285271
1982-07-01,1982,7,57.34464446791717
1982-08-01,1982,8,54.57673079296049
1982-09-01,1982,9,93.38171091500453
1982-10-01,1982,10,173.0238134020054
1982-11-01,1982,11,179.83475322312702
1982-12-01,1982,12,367.67021806184897
1983-01-01,1983,1,457.74791669037023
1983-02-01,1983,2,355.48497390858836
1983-03-01,1983,3,446.3737597880578
1983-04-01,1983,4,414.13045026787677
1983-05-01,1983,5,273.24625508656703
1983-06-01,1983,6,149.04136071566546
1983-07-01,1983,7,78.16986687183699
1983-08-01,1983,8,65.92695288125844
1983-09-01,1983,9,89.01099459810031
1983-10-01,1983,10,144.03450321870687
1983-11-01,1983,11,133.33394399315017
1983-12-01,1983,12,187.97222818426383
1984-01-01,1984,1,139.02279865336152
1984-02-01,1984,2,331.6601040301521
1984-03-01,1984,3,247.1314523970604
1984-04-01,1984,4,228.5468799246847
1984-05-01,1984,5,135.29784602364316
1984-06-01,1984,6,103.61285224751087
1984-07-01,1984,7,72.30352943683113
1984-08-01,1984,8,67.84871348678837
1984-09-01,1984,9,96.99964915523412
1984-10-01,1984,10,115.63218580052606
1984-11-01,1984,11,104.12293347598226
1984-12-01,1984,12,156.3172991018713
1985-01-01,1985,1,137.03609752208013
1985-02-01,1985,2,153.43946081817677
1985-03-01,1985,3,172.6526234992519
1985-04-01,1985,4,167.36519565946912
1985-05-01,1985,5,139.67495972925434
1985-06-01,1985,6,76.27719543673311
1985-07-01,1985,7,66.72700928295727
1985-08-01,1985,8,77.01364220816163
1985-09-01,1985,9,91.90558625835847
1985-10-01,1985,10,97.53699104318139
1985-11-01,1985,11,95.46427746437003
1985-12-01,1985,12,139.3923753742999
1986-01-01,1986,1,262.41709270256797
1986-02-01,1986,2,209.51664574367013
1986-03-01,1986,3,189.5985093615256
1986-04-01,1986,4,248.64517606628976
1986-05-01,1986,5,110.86157955141483
1986-06-01,1986,6,60.325176887269656
1986-07-01,1986,7,73.18344888960499
1986-08-01,1986,8,67.39803867386604
1986-09-01,1986,9,101.34587973553633
1986-10-01,1986,10,149.3416808345857
1986-11-01,1986,11,113.6146596852606
1986-12-01,1986,12,176.89512297267845
1987-01-01,1987,1,275.4137791670676
1987-02-01,1987,2,291.88887356070813
1987-03-01,1987,3,315.93115089183357
1987-04-01,1987,4,216.41494051209332
1987-05-01,1987,5,118.44860938980503
1987-06-01,1987,6,79.52075496235892
1987-07-01,1987,7,69.0775357925771
1987-08-01,1987,8,74.01629776843762
1987-09-01,1987,9,88.07768885914776
1987-10-01,1987,10,133.40180896818134
1987-11-01,1987,11,134.75462449257375
1987-12-01,1987,12,127.20994637458959
1988-01-01,1988,1,220.34540184032804
1988-02-01,1988,2,238.51537393687343
1988-03-01,1988,3,143.1473868571493
1988-04-01,1988,4,200.0956631498152
1988-05-01,1988,5,140.78060106861653
1988-06-01,1988,6,62.22212989190559
1988-07-01,1988,7,64.7985495406979
1988-08-01,1988,8,46.3853531536647
1988-09-01,1988,9,79.8517940739986
1988-10-01,1988,10,119.02108480090781
1988-11-01,1988,11,163.38998508374533
1988-12-01,1988,12,141.2187222619203
1989-01-01,1989,1,262.30721263180436
1989-02-01,1989,2,347.0801121361095
1989-03-01,1989,3,228.73349097872023
1989-04-01,1989,4,214.69221939827656
1989-05-01,1989,5,111.8167824744645
1989-06-01,1989,6,89.24684675702413
1989-07-01,1989,7,66.12684150745618
1989-08-01,1989,8,69.89159335979797
1989-09-01,1989,9,93.65388356810217
1989-10-01,1989,10,156.72847199716298
1989-11-01,1989,11,78.48802692521633
1989-12-01,1989,12,51.39309783941229
1990-01-01,1990,1,169.9947669460498
1990-02-01,1990,2,189.6803696847315
1990-03-01,1990,3,190.3800152215192
1990-04-01,1990,4,188.87738363164354
1990-05-01,1990,5,102.48767104432272
1990-06-01,1990,6,108.50862676918926
1990-07-01,1990,7,66.9508428222997
1990-08-01,1990,8,52.49330682768123
1990-09-01,1990,9,69.8816327054747
1990-10-01,1990,10,116.4643677163437
1990-11-01,1990,11,131.2751872802585
1990-12-01,1990,12,128.23703543462972
1991-01-01,1991,1,137.0490098754378
1991-02-01,1991,2,217.89637201932192
1991-03-01,1991,3,273.13534162750557
1991-04-01,1991,4,174.7834280008494
1991-05-01,1991,5,132.30692012724316
1991-06-01,1991,6,94.24477678679217
1991-07-01,1991,7,60.8137826991586
1991-08-01,1991,8,56.25583874422717
1991-09-01,1991,9,95.64970326207613
1991-10-01,1991,10,113.57129947644515
1991-11-01,1991,11,125.30348826225907
1991-12-01,1991,12,161.0546359855497
1992-01-01,1992,1,198.2726699526928
1992-02-01,1992,2,231.94741978411776
1992-03-01,1992,3,366.9719799738611
1992-04-01,1992,4,325.57014351479796
1992-05-01,1992,5,151.74462948626305
1992-06-01,1992,6,76.47356200763687
1992-07-01,1992,7,72.20800026887231
1992-08-01,1992,8,62.15221128785288
1992-09-01,1992,9,91.2250085941087
1992-10-01,1992,10,94.7395700163776
1992-11-01,1992,11,107.28519222985491
1992-12-01,1992,12,130.32705344314851
1993-01-01,1993,1,188.09543188820382
1993-02-01,1993,2,315.78527423300363
1993-03-01,1993,3,361.6523492043642
1993-04-01,1993,4,260.7204403906067
1993-05-01,1993,5,134.36643746630264
1993-06-01,1993,6,78.93594105642893
1993-07-01,1993,7,76.01240914075755
1993-08-01,1993,8,63.76579533059811
1993-09-01,1993,9,98.02128327497807
1993-10-01,1993,10,134.13841753889778
1993-11-01,1993,11,126.08715188923928
1993-12-01,1993,12,169.07291360051678
1994-01-01,1994,1,258.48708117781797
1994-02-01,1994,2,289.08257211814384
1994-03-01,1994,3,281.30818652868504
1994-04-01,1994,4,260.09934785971234
1994-05-01,1994,5,135.47230366206588
1994-06-01,1994,6,101.47121695659418
1994-07-01,1994,7,87.77387124604941
1994-08-01,1994,8,67.18526042693146
1994-09-01,1994,9,93.57122421497476
1994-10-01,1994,10,101.40658305946145
1994-11-01,1994,11,131.19813108519514
1994-12-01,1994,12,178.18568319381808
1995-01-01,1995,1,154.20630709757344
1995-02-01,1995,2,197.5606620192751
1995-03-01,1995,3,181.67609631274004
1995-04-01,1995,4,164.67522029131874
1995-05-01,1995,5,124.1935624001726
1995-06-01,1995,6,72.36649758344586
1995-07-01,1995,7,67.1943800702362
1995-08-01,1995,8,49.60567323815052
1995-09-01,1995,9,80.59603928191063
1995-10-01,1995,10,120.23899560727027
1995-11-01,1995,11,176.68336462821065
1995-12-01,1995,12,143.8923665137111
1996-01-01,1996,1,177.4237153356305
1996-02-01,1996,2,188.0899498730335
1996-03-01,1996,3,242.96657097590167
1996-04-01,1996,4,150.07093288893466
1996-05-01,1996,5,107.27746733550813
1996-06-01,1996,6,93.53087084688428
1996-07-01,1996,7,84.3348943618886
1996-08-01,1996,8,58.36153476526312
1996-09-01,1996,9,75.8893585727548
1996-10-01,1996,10,131.1854331093482
1996-11-01,1996,11,75.24153191467236
1996-12-01,1996,12,121.84999891800423
1997-01-01,1997,1,133.12239454782303
1997-02-01,1997,2,216.13691998880353
1997-03-01,1997,3,186.15944352737495
1997-04-01,1997,4,201.58561384113827
1997-05-01,1997,5,130.01401021763803
1997-06-01,1997,6,78.13683330757414
1997-07-01,1997,7,79.37349742791385
1997-08-01,1997,8,102.29788298211105
1997-09-01,1997,9,110.47029288029816
1997-10-01,1997,10,128.16431811974235
1997-11-01,1997,11,189.682873412864
1997-12-01,1997,12,303.84043739764013
1998-01-01,1998,1,399.3497133650559
1998-02-01,1998,2,498.1273141615984
1998-03-01,1998,3,596.4820790792833
1998-04-01,1998,4,321.0077707934322
1998-05-01,1998,5,154.55569081165183
1998-06-01,1998,6,127.71432625837058
1998-07-01,1998,7,80.72979104302883
1998-08-01,1998,8,61.88132874940236
1998-09-01,1998,9,73.81262981948078
1998-10-01,1998,10,114.45127057865668
1998-11-01,1998,11,130.88418312476395
1998-12-01,1998,12,96.04299238180784
1999-01-01,1999,1,151.08676339965692
1999-02-01,1999,2,311.0630808076443
1999-03-01,1999,3,240.99977279245113
1999-04-01,1999,4,165.5137814057739
1999-05-01,1999,5,140.98978653584464
1999-06-01,1999,6,91.98698881504848
1999-07-01,1999,7,73.75117928986425
1999-08-01,1999,8,54.04468832502271
1999-09-01,1999,9,113.83407582404665
1999-10-01,1999,10,104.99554465628006
1999-11-01,1999,11,117.8734684554721
1999-12-01,1999,12,179.39247024733461
2000-01-01,2000,1,129.74124348122072
2000-02-01,2000,2,236.79394621550279
2000-03-01,2000,3,258.684549621058
2000-04-01,2000,4,217.23264990846
2000-05-01,2000,5,128.05594948800922
2000-06-01,2000,6,92.30381048315478
2000-07-01,2000,7,87.3684541591159
2000-08-01,2000,8,68.78295802257998
2000-09-01,2000,9,106.2197850061028
2000-10-01,2000,10,101.91320853009954
2000-11-01,2000,11,85.68307591897656
2000-12-01,2000,12,168.85809472389005
2001-01-01,2001,1,237.91722343139807
2001-02-01,2001,2,222.87350935985188
2001-03-01,2001,3,351.19606536678276
2001-04-01,2001,4,180.18920431087437
2001-05-01,2001,5,113.17200342326653
2001-06-01,2001,6,80.34052392561121
2001-07-01,2001,7,74.42365326016507
2001-08-01,2001,8,50.2829237414001
2001-09-01,2001,9,94.30865255671604
2001-10-01,2001,10,91.08900712188719
2001-11-01,2001,11,126.112582619183
2001-12-01,2001,12,179.37710182505663
2002-01-01,2002,1,136.5576576922233
2002-02-01,2002,2,229.1321720028746
2002-03-01,2002,3,313.4903004529786
2002-04-01,2002,4,240.5994276986446
2002-05-01,2002,5,112.58427512800408
2002-06-01,2002,6,72.91685258253645
2002-07-01,2002,7,85.00593899375858
2002-08-01,2002,8,47.745750956758926
2002-09-01,2002,9,63.263866277636325
2002-10-01,2002,10,127.96019140195244
2002-11-01,2002,11,147.71425328859158
2002-12-01,2002,12,175.21174861394914
2003-01-01,2003,1,151.47076023890764
2003-02-01,2003,2,170.86672578183436
2003-03-01,2003,3,193.66984461916928
2003-04-01,2003,4,143.16520089537835
2003-05-01,2003,5,113.96323361036721
2003-06-01,2003,6,78.09360032949215
2003-07-01,2003,7,61.96474833411569
2003-08-01,2003,8,63.269041649970426
2003-09-01,2003,9,76.46953985494619
2003-10-01,2003,10,115.24337857382721
2003-11-01,2003,11,122.27487734112628
2003-12-01,2003,12,127.72470884686595
2004-01-01,2004,1,103.87512452587113
2004-02-01,2004,2,186.87168671104538
2004-03-01,2004,3,191.49113812535168
2004-04-01,2004,4,152.90456573830147
2004-05-01,2004,5,116.06052900473547
2004-06-01,2004,6,73.36283532937938
2004-07-01,2004,7,64.98429241386454
2004-08-01,2004,8,48.22572106005665
2004-09-01,2004,9,76.8524483760541
2004-10-01,2004,10,126.24552511264513
2004-11-01,2004,11,150.41218196274383
2004-12-01,2004,12,133.7695022750035
2005-01-01,2005,1,114.82827497912479
2005-02-01,2005,2,204.30415901184213
2005-03-01,2005,3,265.5297912893891
2005-04-01,2005,4,152.61334810807918
2005-05-01,2005,5,84.97618073848385
2005-06-01,2005,6,74.737734330151
2005-07-01,2005,7,52.180595938241126
2005-08-01,2005,8,41.71500973775832
2005-09-01,2005,9,61.5859831169443
2005-10-01,2005,10,132.63284547235756
2005-11-01,2005,11,83.04955180453294
2005-12-01,2005,12,159.9893354718351
2006-01-01,2006,1,150.3890901462486
2006-02-01,2006,2,271.21527033047283
2006-03-01,2006,3,296.4138576734817
2006-04-01,2006,4,163.4120395095444
2006-05-01,2006,5,78.1334365787647
2006-06-01,2006,6,68.96852773720899
2006-07-01,2006,7,50.29356881166775
2006-08-01,2006,8,56.759747728741935
2006-09-01,2006,9,75.90022347642471
2006-10-01,2006,10,94.96404704786293
2006-11-01,2006,11,156.34017926501474
2006-12-01,2006,12,183.79899092062263
2007-01-01,2007,1,189.7230096662794
2007-02-01,2007,2,125.94391555090732
2007-03-01,2007,3,268.41824328826834
2007-04-01,2007,4,178.47132953535416
2007-05-01,2007,5,115.0029352575568
2007-06-01,2007,6,70.52363339571886
2007-07-01,2007,7,59.80839214397593
2007-08-01,2007,8,59.52264841125651
2007-09-01,2007,9,60.631625558359744
2007-10-01,2007,10,123.00662666243728
2007-11-01,2007,11,162.88024440613611
2007-12-01,2007,12,125.33073988153043
2008-01-01,2008,1,224.3390930775123
2008-02-01,2008,2,283.9369091239792
2008-03-01,2008,3,308.861428428469
2008-04-01,2008,4,202.44049703166067
2008-05-01,2008,5,130.74750160472195
2008-06-01,2008,6,85.92843035804754
2008-07-01,2008,7,60.08270554752173
2008-08-01,2008,8,60.11516030497826
2008-09-01,2008,9,84.37617839066664
2008-10-01,2008,10,152.24776608173872
2008-11-01,2008,11,137.28015519693398
2008-12-01,2008,12,105.83718725422533
2009-01-01,2009,1,294.92235939726856
2009-02-01,2009,2,280.9033190573311
2009-03-01,2009,3,251.41060067250416
2009-04-01,2009,4,199.48588120992818
2009-05-01,2009,5,119.15502618167194
2009-06-01,2009,6,84.97659241603316
2009-07-01,2009,7,68.2077192536676
2009-08-01,2009,8,70.05881339778226
2009-09-01,2009,9,68.95742334313513
2009-10-01,2009,10,120.08534377129187
2009-11-01,2009,11,115.9891729660942
2009-12-01,2009,12,164.7251026634744
2010-01-01,2010,1,159.4918903416089
2010-02-01,2010,2,255.55068208650195
2010-03-01,2010,3,219.3089918562077
2010-04-01,2010,4,212.8925940343235
2010-05-01,2010,5,135.96840396619245
2010-06-01,2010,6,76.0603605189023
2010-07-01,2010,7,65.36746200448165
2010-08-01,2010,8,43.959931268066086
2010-09-01,2010,9,75.12498084396779
2010-10-01,2010,10,83.98488797178737
2010-11-01,2010,11,99.23108601265325
2010-12-01,2010,12,134.0860619118314
2011-01-01,2011,1,182.26437510222286
2011-02-01,2011,2,181.8953444171731
2011-03-01,2011,3,176.66947881440285
2011-04-01,2011,4,238.06403651081217
2011-05-01,2011,5,92.92489743362673
2011-06-01,2011,6,73.63825534570972
2011-07-01,2011,7,79.53222170023066
2011-08-01,2011,8,55.84480118969341
2011-09-01,2011,9,84.24625502868615
2011-10-01,2011,10,96.45779856443784
2011-11-01,2011,11,127.14142090940905
2011-12-01,2011,12,199.92944399907904
2012-01-01,2012,1,268.63578525526384
2012-02-01,2012,2,363.5247092102818
2012-03-01,2012,3,273.9766422700641
2012-04-01,2012,4,211.23551048701722
2012-05-01,2012,5,130.62905018706982
2012-06-01,2012,6,66.8340662951068
2012-07-01,2012,7,58.48861587072687
2012-08-01,2012,8,61.30041414414164
2012-09-01,2012,9,64.22877900010445
2012-10-01,2012,10,156.44756198394967
2012-11-01,2012,11,165.39587961657807
2012-12-01,2012,12,137.32504146409266
2013-01-01,2013,1,164.7169584592093
2013-02-01,2013,2,237.79661697467037
2013-03-01,2013,3,288.8155272870333
2013-04-01,2013,4,133.44008245646694
2013-05-01,2013,5,151.10584221565315
2013-06-01,2013,6,80.2418676133612
2013-07-01,2013,7,75.22833871882833
2013-08-01,2013,8,68.23387260703838
2013-09-01,2013,9,56.56355250706322
2013-10-01,2013,10,130.42193546791546
2013-11-01,2013,11,80.93422619352243
2013-12-01,2013,12,150.43736327764998
2014-01-01,2014,1,196.82988095288647
2014-02-01,2014,2,195.63970661923247
2014-03-01,2014,3,262.40392701748976
2014-04-01,2014,4,132.30057244654174
2014-05-01,2014,5,169.24827964474895
2014-06-01,2014,6,90.02946744492155
2014-07-01,2014,7,63.870625638038526
2014-08-01,2014,8,56.97161622417335
2014-09-01,2014,9,78.90698211130083
2014-10-01,2014,10,114.27591609685955
2014-11-01,2014,11,138.454250040251
2014-12-01,2014,12,155.0031845028334
2015-01-01,2015,1,210.34076482808982
2015-02-01,2015,2,183.88077610229382
2015-03-01,2015,3,363.94499054262275
2015-04-01,2015,4,217.5755520627308
2015-05-01,2015,5,157.45944017389724
2015-06-01,2015,6,84.14242153801402
2015-07-01,2015,7,70.24556611410725
2015-08-01,2015,8,46.3025303343097
2015-09-01,2015,9,56.716824863153334
2015-10-01,2015,10,120.04919970044892
2015-11-01,2015,11,138.52875443602886
2015-12-01,2015,12,135.61938088411105
2016-01-01,2016,1,197.1673104235741
2016-02-01,2016,2,285.9651789901001
2016-03-01,2016,3,295.50050151920505
2016-04-01,2016,4,218.43149547404678
2016-05-01,2016,5,104.77129674710336
2016-06-01,2016,6,95.64932705111346
2016-07-01,2016,7,46.956562967039545
2016-08-01,2016,8,50.95874662444195
2016-09-01,2016,9,85.01341034307814
2016-10-01,2016,10,115.50726930356802
2016-11-01,2016,11,84.30211516616313
2016-12-01,2016,12,209.3247360162926
2017-01-01,2017,1,306.10296718463513
2017-02-01,2017,2,323.47431854223487
2017-03-01,2017,3,581.2290515773042
2017-04-01,2017,4,244.44615383553068
2017-05-01,2017,5,174.24127271695147
2017-06-01,2017,6,124.32377142671733
2017-07-01,2017,7,66.85307170828574
2017-08-01,2017,8,65.02814913796956
2017-09-01,2017,9,83.26912092683149
2017-10-01,2017,10,124.93778019037893
2017-11-01,2017,11,125.94407908433888
2017-12-01,2017,12,177.77617263497552
2018-01-01,2018,1,212.0380639432301
2018-02-01,2018,2,204.0988348942414
2018-03-01,2018,3,193.40048579324917
2018-04-01,2018,4,191.944437498802
2018-05-01,2018,5,168.994862238426
2018-06-01,2018,6,89.10793304897825
2018-07-01,2018,7,66.121743939284
2018-08-01,2018,8,78.49536264392806
2018-09-01,2018,9,65.07319416809628
2018-10-01,2018,10,134.4433490100345
2018-11-01,2018,11,202.1570200674434
2018-12-01,2018,12,156.33199248641174
2019-01-01,2019,1,197.02748084684742
2019-02-01,2019,2,313.3930933290062
2019-03-01,2019,3,286.40145091287036
2019-04-01,2019,4,210.30385422878152
2019-05-01,2019,5,130.02317523904563
2019-06-01,2019,6,104.66950418045089
2019-07-01,2019,7,111.54437250702915
2019-08-01,2019,8,66.20647747328884
2019-09-01,2019,9,77.80314779066856
2019-10-01,2019,10,141.9315402624521
2019-11-01,2019,11,163.95240025902703
2019-12-01,2019,12,235.05528916123228
2020-01-01,2020,1,147.85730643003052
2020-02-01,2020,2,190.56663915484216
2020-03-01,2020,3,218.74766018919925
2020-04-01,2020,4,184.10831350092383
2020-05-01,2020,5,126.04899400105924
2020-06-01,2020,6,69.62624564920058
2020-07-01,2020,7,88.73436668491432
2020-08-01,2020,8,44.33657710495759
2020-09-01,2020,9,85.57734693689373
2020-10-01,2020,10,85.82519435202103
2020-11-01,2020,11,113.33739230361817
2020-12-01,2020,12,235.49467631626263
2021-01-01,2021,1,243.39839338895052
2021-02-01,2021,2,142.62885767830798
2021-03-01,2021,3,341.8470888390351
2021-04-01,2021,4,200.71445006360696
2021-05-01,2021,5,133.3490850488654
2021-06-01,2021,6,107.2083639853598
2021-07-01,2021,7,65.08938952527063
2021-08-01,2021,8,56.78904779552917
2021-09-01,2021,9,78.13911303156388
2021-10-01,2021,10,175.47622477626368
2021-11-01,2021,11,150.545614058096
2021-12-01,2021,12,158.92954281696376
2022-01-01,2022,1,151.23534833527168
2022-02-01,2022,2,202.7410323303344
2022-03-01,2022,3,328.81349117575155
2022-04-01,2022,4,230.38045124198607
2022-05-01,2022,5,116.84005936361454
2022-06-01,2022,6,100.251014253516
2022-07-01,2022,7,88.02484526431154
2022-08-01,2022,8,69.02044025831209
2022-09-01,2022,9,26.96262075755784
2022-10-01,2022,10,47.61537796014122
2022-11-01,2022,11,35.8659982241569
2022-12-01,2022,12,50.378029385715706
2023-01-01,2023,1,80.25895907478913
2023-02-01,2023,2,106.5647260280439
2023-03-01,2023,3,163.69190965297565
2023-04-01,2023,4,170.54901696302323
2023-05-01,2023,5,66.52621877897197
2023-06-01,2023,6,32.506899839092576
2023-07-01,2023,7,27.936580483648964
2023-08-01,2023,8,17.855861590445656
2023-09-01,2023,9,25.00045281584864
2023-10-01,2023,10,55.26348588260696
2023-11-01,2023,11,49.46697593607461
2023-12-01,2023,12,94.3116252286481
2024-01-01,2024,1,69.0051127437444
2024-02-01,2024,2,93.95438118170273
2024-03-01,2024,3,177.12204202271542
2024-04-01,2024,4,181.85357535343223
2024-05-01,2024,5,142.1698167097902
2024-06-01,2024,6,67.34587690963316
2024-07-01,2024,7,52.06613043194285
2024-08-01,2024,8,40.91423726627461
2024-09-01,2024,9,54.38216181317414
2024-10-01,2024,10,118.96771495724124
2024-11-01,2024,11,82.65907839071062
2024-12-01,2024,12,181.08091866378413
2025-01-01,2025,1,191.14336611010583
2025-02-01,2025,2,353.2910164195595
2025-03-01,2025,3,327.7350359813033
2025-04-01,2025,4,287.45270031414526
2025-05-01,2025,5,161.2709725633882
2025-06-01,2025,6,96.91142832118003
2025-07-01,2025,7,68.71062896353759
2025-08-01,2025,8,73.18878905071749
2025-09-01,2025,9,91.00672875712127
2025-10-01,2025,10,151.3127687636647
2025-11-01,2025,11,201.84144514252043
2025-12-01,2025,12,79.86802182812676
2026-01-01,2026,1,256.9638083684059
2026-02-01,2026,2,322.18779661483524
2026-03-01,2026,3,243.36085284182676
2026-04-01,2026,4,155.02028027384375
2026-05-01,2026,5,117.97532532015411
2026-06-01,2026,6,105.8236496101598
2026-07-01,2026,7,82.63377956174676
2026-08-01,2026,8,62.81898109147046
